,Date,,Price,,Open,,High,,Low,,Vol.,,Change %,
,Oct 13 2019,,499.46,,499.46,,499.46,,499.46,,-,,-0.04%,
,Oct 06 2019,,499.66,,502.13,,502.13,,499.66,,-,,-0.48%,
,Sep 29 2019,,502.06,,501.23,,502.06,,500.49,,-,,0.10%,
,Sep 22 2019,,501.56,,501.70,,502.00,,501.47,,-,,0.21%,
,Sep 15 2019,,500.50,,500.14,,500.50,,500.01,,-,,0.15%,
,Sep 08 2019,,499.75,,503.61,,503.61,,499.75,,-,,-0.74%,
,Sep 01 2019,,503.47,,505.87,,506.65,,503.47,,-,,-0.42%,
,Aug 25 2019,,505.60,,504.86,,505.80,,504.86,,-,,0.29%,
,Aug 18 2019,,504.12,,505.00,,505.66,,504.12,,-,,-0.36%,
,Aug 11 2019,,505.94,,504.15,,505.94,,504.15,,-,,0.42%,
,Aug 04 2019,,503.83,,502.12,,503.83,,502.12,,-,,0.44%,
,Jul 28 2019,,501.60,,499.79,,501.60,,499.76,,-,,0.46%,
,Jul 21 2019,,499.28,,499.24,,499.91,,499.23,,-,,0.07%,
,Jul 14 2019,,498.94,,497.18,,498.94,,497.18,,-,,0.50%,
,Jul 07 2019,,496.46,,498.96,,498.96,,496.46,,-,,-0.61%,
,Jun 30 2019,,499.50,,498.38,,499.50,,498.38,,-,,0.35%,
,Jun 23 2019,,497.76,,497.68,,497.88,,497.25,,-,,0.05%,
,Jun 16 2019,,497.51,,496.40,,497.77,,496.40,,-,,0.17%,
,Jun 09 2019,,496.69,,495.97,,496.69,,495.97,,-,,0.09%,
,Jun 02 2019,,496.25,,496.17,,496.65,,495.82,,-,,0.04%,
,May 26 2019,,496.03,,494.24,,496.03,,494.24,,-,,0.40%,
,May 19 2019,,494.05,,493.58,,494.05,,493.09,,-,,0.00%,
,May 12 2019,,494.04,,492.72,,494.04,,492.72,,-,,0.34%,
,May 05 2019,,492.37,,491.52,,492.83,,491.52,,-,,0.30%,
,Apr 28 2019,,490.89,,491.65,,491.65,,490.85,,-,,-0.23%,
,Apr 21 2019,,492.00,,490.54,,492.00,,490.54,,-,,0.29%,
,Apr 14 2019,,490.59,,490.25,,490.59,,489.78,,-,,-0.10%,
,Apr 07 2019,,491.10,,491.38,,492.11,,491.10,,-,,-0.04%,
,Mar 31 2019,,491.28,,492.17,,492.17,,491.28,,-,,-0.25%,
,Mar 24 2019,,492.53,,491.28,,492.67,,491.28,,-,,0.28%,
,Mar 17 2019,,491.14,,489.90,,491.14,,489.24,,-,,0.30%,
,Mar 10 2019,,489.65,,490.16,,490.16,,489.65,,-,,-0.17%,
,Mar 03 2019,,490.49,,488.00,,490.49,,488.00,,-,,0.52%,
,Feb 24 2019,,487.96,,489.63,,489.76,,487.96,,-,,-0.35%,
,Feb 17 2019,,489.66,,489.92,,490.29,,489.66,,-,,-0.06%,
,Feb 10 2019,,489.93,,490.26,,490.26,,489.68,,-,,-0.07%,
,Feb 03 2019,,490.28,,489.13,,490.28,,488.65,,-,,0.22%,
,Jan 27 2019,,489.18,,488.63,,489.18,,488.43,,-,,0.02%,
,Jan 20 2019,,489.06,,487.87,,489.06,,487.73,,-,,0.31%,
,Jan 13 2019,,487.57,,489.94,,490.08,,487.57,,-,,-0.39%,
,Jan 06 2019,,489.49,,488.07,,489.49,,487.02,,-,,0.21%,
,Dec 30 2018,,488.44,,488.81,,488.81,,488.44,,-,,0.16%,
,Dec 23 2018,,487.68,,487.41,,487.68,,487.41,,-,,0.11%,
,Dec 16 2018,,487.16,,486.95,,487.30,,486.83,,-,,0.04%,
,Dec 09 2018,,486.96,,487.35,,487.35,,486.35,,-,,-0.10%,
,Dec 02 2018,,487.46,,486.02,,487.58,,486.02,,-,,0.24%,
,Nov 25 2018,,486.30,,485.31,,486.30,,485.31,,-,,0.17%,
,Nov 18 2018,,485.47,,484.91,,485.47,,484.91,,-,,0.05%,
,Nov 11 2018,,485.23,,484.77,,485.59,,484.57,,-,,0.29%,
,Nov 04 2018,,483.82,,483.89,,484.28,,483.20,,-,,0.01%,
,Oct 28 2018,,483.78,,485.23,,485.23,,483.78,,-,,-0.30%,
,Oct 21 2018,,485.23,,482.82,,485.23,,482.82,,-,,0.18%,
,Oct 14 2018,,484.36,,482.31,,484.36,,481.99,,-,,0.62%,
,Oct 07 2018,,481.36,,481.15,,481.92,,480.53,,-,,0.14%,
,Sep 30 2018,,480.70,,481.77,,483.51,,480.70,,-,,-0.27%,
,Sep 23 2018,,482.02,,482.42,,482.42,,480.87,,-,,-0.13%,
,Sep 16 2018,,482.66,,482.94,,482.94,,482.11,,-,,-0.15%,
,Sep 09 2018,,483.40,,483.94,,483.94,,483.40,,-,,-0.31%,
,Sep 02 2018,,484.89,,485.41,,485.41,,484.38,,-,,-0.01%,
,Aug 26 2018,,484.93,,484.80,,484.93,,484.16,,-,,-0.09%,
,Aug 19 2018,,485.37,,486.40,,486.40,,485.18,,-,,-0.26%,
,Aug 12 2018,,486.63,,486.03,,486.63,,485.88,,-,,0.23%,
,Aug 05 2018,,485.49,,484.03,,485.49,,484.03,,-,,0.37%,
,Jul 29 2018,,483.71,,483.46,,483.71,,482.73,,-,,-0.10%,
,Jul 22 2018,,484.17,,484.78,,484.80,,484.17,,-,,-0.33%,
,Jul 15 2018,,485.79,,485.59,,485.79,,485.38,,-,,-0.05%,
,Jul 08 2018,,486.01,,485.30,,486.01,,485.06,,-,,0.09%,
,Jul 01 2018,,485.55,,485.58,,485.78,,484.77,,-,,0.16%,
,Jun 24 2018,,484.77,,485.36,,485.53,,484.77,,-,,-0.04%,
,Jun 17 2018,,484.95,,483.78,,484.95,,483.78,,-,,0.27%,
,Jun 10 2018,,483.63,,482.16,,483.63,,481.16,,-,,0.08%,
,Jun 03 2018,,483.23,,483.44,,483.44,,481.13,,-,,-0.12%,
,May 27 2018,,483.83,,483.64,,487.91,,483.64,,-,,0.29%,
,May 20 2018,,482.45,,480.16,,482.45,,480.16,,-,,0.79%,
,May 13 2018,,478.67,,478.93,,478.93,,478.55,,-,,-0.30%,
,May 06 2018,,480.10,,480.22,,480.22,,479.38,,-,,-0.04%,
,Apr 29 2018,,480.28,,479.42,,480.28,,479.34,,-,,0.14%,
,Apr 22 2018,,479.61,,478.29,,479.61,,478.18,,-,,0.12%,
,Apr 15 2018,,479.03,,480.04,,480.84,,479.03,,-,,-0.29%,
,Apr 08 2018,,480.41,,480.83,,480.83,,480.41,,-,,-0.06%,
,Apr 01 2018,,480.70,,481.16,,481.16,,480.40,,-,,-0.05%,
,Mar 25 2018,,480.92,,480.13,,481.33,,480.13,,-,,0.09%,
,Mar 18 2018,,480.47,,479.54,,480.47,,479.00,,-,,0.18%,
,Mar 11 2018,,479.62,,478.06,,479.62,,478.06,,-,,0.41%,
,Mar 04 2018,,477.65,,477.80,,477.80,,477.06,,-,,-0.10%,
,Feb 25 2018,,478.14,,476.96,,478.14,,476.65,,-,,0.29%,
,Feb 18 2018,,476.78,,475.50,,476.78,,475.30,,-,,0.33%,
,Feb 11 2018,,475.21,,474.74,,475.49,,474.42,,-,,0.03%,
,Feb 04 2018,,475.05,,475.37,,476.55,,475.01,,-,,-0.03%,
,Jan 28 2018,,475.20,,476.20,,476.34,,475.20,,-,,-0.54%,
,Jan 21 2018,,477.79,,478.61,,479.19,,477.79,,-,,-0.19%,
,Jan 14 2018,,478.71,,478.77,,478.99,,478.38,,-,,0.04%,
,Jan 07 2018,,478.50,,480.67,,480.67,,478.50,,-,,-0.44%,
,Dec 31 2017,,480.62,,480.51,,480.62,,480.28,,-,,-0.01%,
,Dec 24 2017,,480.68,,481.09,,481.09,,480.68,,-,,-0.09%,
,Dec 17 2017,,481.11,,483.81,,483.81,,481.11,,-,,-0.64%,
,Dec 10 2017,,484.21,,484.63,,484.63,,483.75,,-,,-0.06%,
,Dec 03 2017,,484.51,,483.73,,484.75,,483.73,,-,,0.17%,
,Nov 26 2017,,483.67,,483.36,,484.00,,482.90,,-,,0.10%,
,Nov 19 2017,,483.20,,483.96,,484.20,,483.20,,-,,-0.09%,
,Nov 12 2017,,483.62,,483.73,,484.06,,483.21,,-,,0.00%,
,Nov 05 2017,,483.61,,484.71,,485.06,,483.61,,-,,-0.12%,
,Oct 29 2017,,484.21,,484.08,,484.21,,483.79,,-,,0.13%,
,Oct 22 2017,,483.60,,482.99,,483.60,,481.82,,-,,0.15%,
,Oct 15 2017,,482.86,,483.77,,484.32,,482.86,,-,,-0.06%,
,Oct 08 2017,,483.16,,482.37,,483.16,,482.37,,-,,0.30%,
,Oct 01 2017,,481.72,,482.30,,482.70,,481.72,,-,,-0.15%,
,Sep 24 2017,,482.44,,482.93,,483.28,,481.52,,-,,0.11%,
,Sep 17 2017,,481.91,,482.74,,482.74,,481.82,,-,,-0.27%,
,Sep 10 2017,,483.20,,485.12,,485.12,,483.20,,-,,-0.42%,
,Sep 03 2017,,485.25,,484.62,,485.25,,484.37,,-,,0.14%,
,Aug 27 2017,,484.57,,483.97,,485.32,,483.97,,-,,0.20%,
,Aug 20 2017,,483.59,,483.19,,483.79,,483.13,,-,,0.06%,
,Aug 13 2017,,483.29,,482.69,,483.29,,482.15,,-,,-0.04%,
,Aug 06 2017,,483.49,,481.48,,483.49,,481.48,,-,,0.30%,
,Jul 30 2017,,482.06,,480.60,,482.06,,480.60,,-,,0.41%,
,Jul 23 2017,,480.10,,481.27,,481.27,,480.10,,-,,-0.18%,
,Jul 16 2017,,480.96,,479.42,,480.96,,479.42,,-,,0.34%,
,Jul 09 2017,,479.31,,478.90,,479.57,,478.36,,-,,0.18%,
,Jul 02 2017,,478.43,,480.12,,480.30,,478.43,,-,,-0.41%,
,Jun 25 2017,,480.42,,483.89,,483.89,,480.42,,-,,-0.68%,
,Jun 18 2017,,483.73,,483.91,,484.33,,483.73,,-,,0.11%,
,Jun 11 2017,,483.18,,484.97,,484.97,,483.18,,-,,-0.33%,
,Jun 04 2017,,484.79,,484.73,,484.90,,484.34,,-,,0.07%,
,May 28 2017,,484.43,,483.72,,484.43,,483.72,,-,,0.22%,
,May 21 2017,,483.38,,482.60,,483.38,,481.85,,-,,0.11%,
,May 14 2017,,482.86,,481.51,,483.35,,481.12,,-,,0.26%,
,May 07 2017,,481.59,,481.94,,481.94,,480.63,,-,,-0.23%,
,Apr 30 2017,,482.70,,483.68,,483.74,,482.70,,-,,-0.22%,
,Apr 23 2017,,483.78,,482.93,,483.78,,482.71,,-,,-0.40%,
,Apr 16 2017,,485.70,,487.24,,487.24,,485.42,,-,,-0.37%,
,Apr 09 2017,,487.48,,486.22,,487.48,,486.22,,-,,0.42%,
,Apr 02 2017,,485.42,,484.34,,485.53,,484.34,,-,,0.33%,
,Mar 26 2017,,483.82,,483.10,,484.13,,482.93,,-,,0.28%,
,Mar 19 2017,,482.45,,482.27,,483.05,,481.61,,-,,0.16%,
,Mar 12 2017,,481.69,,482.34,,482.77,,481.69,,-,,-0.29%,
,Mar 05 2017,,483.11,,485.19,,485.89,,483.11,,-,,-0.63%,
,Feb 26 2017,,486.17,,488.76,,488.76,,486.17,,-,,-0.49%,
,Feb 19 2017,,488.56,,485.88,,488.56,,485.88,,-,,0.55%,
,Feb 12 2017,,485.91,,485.07,,485.91,,484.54,,-,,0.15%,
,Feb 05 2017,,485.19,,483.51,,485.38,,483.51,,-,,0.54%,
,Jan 29 2017,,482.59,,481.28,,482.59,,481.28,,-,,0.21%,
,Jan 22 2017,,481.56,,483.00,,483.48,,481.21,,-,,-0.36%,
,Jan 15 2017,,483.28,,484.93,,485.68,,483.28,,-,,-0.20%,
,Jan 08 2017,,484.23,,483.22,,484.23,,483.22,,-,,0.13%,
,Jan 01 2017,,483.62,,485.59,,485.59,,483.62,,-,,-0.35%,
,Dec 25 2016,,485.31,,484.44,,485.31,,484.44,,-,,0.34%,
,Dec 18 2016,,483.67,,483.40,,484.11,,483.40,,-,,0.06%,
,Dec 11 2016,,483.36,,482.05,,483.36,,482.05,,-,,0.22%,
,Dec 04 2016,,482.31,,482.81,,482.81,,481.16,,-,,-0.08%,
,Nov 27 2016,,482.71,,484.57,,484.87,,482.71,,-,,-0.27%,
,Nov 20 2016,,484.00,,482.41,,484.23,,482.41,,-,,0.43%,
,Nov 13 2016,,481.94,,481.52,,482.46,,481.52,,-,,-0.09%,
,Nov 06 2016,,482.35,,485.57,,485.63,,482.35,,-,,-0.67%,
,Oct 30 2016,,485.62,,485.28,,486.05,,484.73,,-,,0.09%,
,Oct 23 2016,,485.19,,488.56,,488.56,,485.19,,-,,-0.67%,
,Oct 16 2016,,488.46,,487.07,,488.46,,487.07,,-,,0.19%,
,Oct 09 2016,,487.51,,488.05,,488.05,,487.51,,-,,-0.09%,
,Oct 02 2016,,487.97,,490.52,,490.52,,487.97,,-,,-0.75%,
,Sep 25 2016,,491.66,,490.45,,491.66,,490.45,,-,,0.30%,
,Sep 18 2016,,490.17,,488.91,,490.17,,488.91,,-,,0.17%,
,Sep 11 2016,,489.34,,487.90,,489.34,,487.88,,-,,-0.03%,
,Sep 04 2016,,489.48,,490.40,,491.35,,489.48,,-,,-0.27%,
,Aug 28 2016,,490.82,,490.45,,491.11,,490.34,,-,,0.02%,
,Aug 21 2016,,490.73,,490.38,,491.02,,490.38,,-,,-0.05%,
,Aug 14 2016,,491.00,,491.40,,491.40,,490.15,,-,,-0.04%,
,Aug 07 2016,,491.21,,490.55,,491.57,,490.55,,-,,0.03%,
,Jul 31 2016,,491.06,,491.27,,491.27,,490.03,,-,,0.16%,
,Jul 24 2016,,490.30,,489.37,,490.72,,489.37,,-,,0.15%,
,Jul 17 2016,,489.57,,489.93,,490.19,,489.46,,-,,-0.11%,
,Jul 10 2016,,490.12,,491.82,,491.82,,490.12,,-,,-0.22%,
,Jul 03 2016,,491.21,,489.88,,491.63,,489.88,,-,,0.27%,
,Jun 26 2016,,489.89,,489.42,,489.89,,489.26,,-,,0.17%,
,Jun 19 2016,,489.05,,486.57,,489.05,,486.18,,-,,0.34%,
,Jun 12 2016,,487.37,,486.47,,487.58,,486.47,,-,,0.23%,
,Jun 05 2016,,486.25,,485.64,,486.25,,485.38,,-,,0.22%,
,May 29 2016,,485.19,,484.18,,485.19,,483.92,,-,,0.04%,
,May 22 2016,,484.99,,484.44,,484.99,,483.85,,-,,0.22%,
,May 15 2016,,483.94,,484.25,,484.60,,483.71,,-,,-0.20%,
,May 08 2016,,484.92,,484.47,,485.19,,484.47,,-,,0.09%,
,May 01 2016,,484.49,,482.45,,484.49,,482.45,,-,,0.35%,
,Apr 24 2016,,482.81,,483.38,,483.38,,481.79,,-,,-0.05%,
,Apr 17 2016,,483.05,,484.70,,484.70,,483.05,,-,,-0.27%,
,Apr 10 2016,,484.34,,485.20,,485.20,,484.16,,-,,-0.11%,
,Apr 03 2016,,484.89,,483.84,,484.89,,483.84,,-,,0.29%,
,Mar 27 2016,,483.51,,483.73,,483.88,,483.51,,-,,0.01%,
,Mar 20 2016,,483.44,,483.27,,483.44,,482.42,,-,,0.12%,
,Mar 13 2016,,482.87,,482.04,,482.87,,480.92,,-,,0.43%,
,Mar 06 2016,,480.82,,483.13,,483.87,,480.82,,-,,-0.55%,
,Feb 28 2016,,483.47,,484.61,,484.64,,483.01,,-,,-0.10%,
,Feb 21 2016,,483.93,,483.63,,484.53,,483.63,,-,,0.05%,
,Feb 14 2016,,483.71,,482.95,,483.71,,482.78,,-,,-0.03%,
,Feb 07 2016,,483.84,,482.88,,484.20,,482.62,,-,,0.40%,
,Jan 31 2016,,481.93,,481.40,,481.93,,481.40,,-,,0.19%,
,Jan 24 2016,,481.03,,479.05,,481.03,,479.05,,-,,0.35%,
,Jan 17 2016,,479.36,,477.63,,479.36,,477.52,,-,,0.46%,
,Jan 10 2016,,477.18,,476.53,,477.18,,475.53,,-,,0.18%,
,Jan 03 2016,,476.30,,475.06,,477.03,,475.06,,-,,0.43%,
,Dec 27 2015,,474.24,,474.74,,475.81,,474.24,,-,,-0.16%,
,Dec 20 2015,,474.99,,475.80,,476.27,,474.99,,-,,-0.11%,
,Dec 13 2015,,475.53,,475.38,,475.53,,474.21,,-,,0.05%,
,Dec 06 2015,,475.31,,473.80,,475.31,,473.80,,-,,0.41%,
,Nov 29 2015,,473.38,,477.20,,477.95,,473.38,,-,,-0.81%,
,Nov 22 2015,,477.26,,475.98,,477.26,,475.98,,-,,0.16%,
,Nov 15 2015,,476.51,,475.34,,476.51,,475.34,,-,,0.37%,
,Nov 08 2015,,474.74,,472.16,,474.74,,472.16,,-,,0.09%,
,Nov 01 2015,,474.29,,474.88,,475.15,,474.29,,-,,-0.34%,
,Oct 25 2015,,475.90,,475.89,,477.04,,475.89,,-,,0.01%,
,Oct 18 2015,,475.87,,474.82,,475.87,,473.64,,-,,0.19%,
,Oct 11 2015,,474.96,,473.70,,475.03,,473.70,,-,,0.20%,
,Oct 04 2015,,473.99,,474.94,,474.94,,473.62,,-,,-0.13%,
,Sep 27 2015,,474.60,,473.44,,474.60,,473.44,,-,,0.29%,
,Sep 20 2015,,473.22,,470.68,,473.89,,470.68,,-,,0.18%,
,Sep 13 2015,,472.37,,473.36,,473.36,,469.96,,-,,-0.09%,
,Sep 06 2015,,472.79,,471.30,,472.79,,471.01,,-,,0.48%,
,Aug 30 2015,,470.54,,472.00,,472.00,,468.99,,-,,0.04%,
,Aug 23 2015,,470.37,,472.82,,472.82,,470.37,,-,,-0.52%,
,Aug 16 2015,,472.81,,473.59,,473.64,,472.29,,-,,-0.17%,
,Aug 09 2015,,473.62,,472.21,,473.73,,472.21,,-,,0.95%,
,Aug 02 2015,,469.14,,471.69,,472.52,,468.89,,-,,-0.56%,
,Jul 26 2015,,471.80,,471.45,,471.80,,470.82,,-,,0.23%,
,Jul 19 2015,,470.70,,470.10,,470.74,,469.76,,-,,0.24%,
,Jul 12 2015,,469.56,,467.13,,469.56,,467.13,,-,,0.21%,
,Jul 05 2015,,468.56,,470.35,,471.30,,468.56,,-,,-0.15%,
,Jun 28 2015,,469.27,,468.51,,469.27,,468.35,,-,,0.43%,
,Jun 21 2015,,467.27,,467.84,,467.84,,466.98,,-,,-0.26%,
,Jun 14 2015,,468.47,,467.52,,469.59,,467.52,,-,,0.53%,
,Jun 07 2015,,466.02,,466.73,,466.73,,464.32,,-,,-0.15%,
,May 31 2015,,466.72,,472.56,,472.56,,465.51,,-,,-1.18%,
,May 24 2015,,472.27,,469.89,,472.27,,469.89,,-,,0.32%,
,May 17 2015,,470.77,,468.28,,470.77,,468.28,,-,,0.59%,
,May 10 2015,,468.01,,469.16,,469.16,,466.89,,-,,-0.28%,
,May 03 2015,,469.32,,472.35,,472.35,,467.89,,-,,-0.78%,
,Apr 26 2015,,472.99,,475.92,,476.80,,472.99,,-,,-0.58%,
,Apr 19 2015,,475.76,,477.38,,477.54,,475.76,,-,,-0.38%,
,Apr 12 2015,,477.56,,476.09,,477.56,,476.09,,-,,0.27%,
,Apr 05 2015,,476.29,,475.49,,476.32,,475.49,,-,,0.15%,
,Mar 29 2015,,475.58,,475.56,,475.66,,475.14,,-,,0.14%,
,Mar 22 2015,,474.92,,475.51,,476.83,,474.78,,-,,-0.14%,
,Mar 15 2015,,475.60,,474.26,,475.60,,473.76,,-,,0.15%,
,Mar 08 2015,,474.89,,473.22,,475.36,,473.22,,-,,0.30%,
,Mar 01 2015,,473.48,,473.92,,473.92,,472.84,,-,,-0.08%,
,Feb 22 2015,,473.85,,475.52,,475.52,,473.16,,-,,0.02%,
,Feb 15 2015,,473.76,,474.22,,474.37,,473.50,,-,,-0.04%,
,Feb 08 2015,,473.93,,473.87,,473.93,,473.29,,-,,0.09%,
,Feb 01 2015,,473.51,,473.79,,473.79,,473.40,,-,,0.06%,
,Jan 25 2015,,473.21,,475.20,,475.20,,472.57,,-,,-0.35%,
,Jan 18 2015,,474.86,,472.32,,474.86,,472.32,,-,,0.19%,
,Jan 11 2015,,473.95,,472.03,,473.95,,472.03,,-,,0.39%,
,Jan 04 2015,,472.13,,472.15,,472.61,,472.13,,-,,-0.07%,
,Dec 28 2014,,472.44,,471.22,,472.44,,471.22,,-,,0.33%,
,Dec 21 2014,,470.90,,471.26,,471.26,,470.90,,-,,0.13%,
,Dec 14 2014,,470.29,,470.87,,470.87,,470.29,,-,,0.07%,
,Dec 07 2014,,469.97,,467.24,,469.97,,467.24,,-,,0.76%,
,Nov 30 2014,,466.44,,466.94,,466.94,,466.41,,-,,-0.16%,
,Nov 23 2014,,467.19,,466.21,,468.33,,466.21,,-,,0.22%,
,Nov 16 2014,,466.15,,466.70,,467.13,,466.02,,-,,-0.30%,
,Nov 09 2014,,467.55,,466.22,,467.55,,465.21,,-,,0.38%,
,Nov 02 2014,,465.80,,466.54,,466.79,,465.80,,-,,0.05%,
,Oct 26 2014,,465.55,,464.72,,465.55,,464.63,,-,,0.21%,
,Oct 19 2014,,464.56,,465.13,,467.06,,464.44,,-,,0.08%,
,Oct 12 2014,,464.20,,464.84,,468.57,,464.20,,-,,-0.12%,
,Oct 05 2014,,464.76,,464.46,,464.99,,464.46,,-,,-0.08%,
,Sep 28 2014,,465.12,,464.50,,465.12,,464.50,,-,,0.03%,
,Sep 21 2014,,464.98,,463.58,,464.98,,463.58,,-,,0.53%,
,Sep 14 2014,,462.52,,462.07,,463.18,,462.07,,-,,0.05%,
,Sep 07 2014,,462.31,,465.46,,465.46,,462.31,,-,,-0.78%,
,Aug 31 2014,,465.94,,465.63,,465.94,,464.49,,-,,0.18%,
,Aug 24 2014,,465.12,,464.70,,465.23,,464.64,,-,,0.33%,
,Aug 17 2014,,463.57,,463.11,,463.57,,463.11,,-,,0.14%,
,Aug 10 2014,,462.90,,461.94,,462.93,,461.72,,-,,0.14%,
,Aug 03 2014,,462.25,,460.70,,462.25,,460.45,,-,,0.43%,
,Jul 27 2014,,460.25,,460.07,,460.76,,460.07,,-,,0.10%,
,Jul 20 2014,,459.81,,460.50,,460.50,,459.81,,-,,-0.13%,
,Jul 13 2014,,460.39,,459.69,,460.39,,459.69,,-,,0.18%,
,Jul 06 2014,,459.55,,458.63,,459.83,,458.63,,-,,0.00%,
,Jun 29 2014,,459.54,,458.36,,459.54,,457.81,,-,,0.24%,
,Jun 22 2014,,458.46,,457.48,,458.60,,457.48,,-,,0.26%,
,Jun 15 2014,,457.29,,457.08,,457.29,,456.32,,-,,0.09%,
,Jun 08 2014,,456.87,,457.20,,457.20,,455.99,,-,,-0.03%,
,Jun 01 2014,,457.01,,456.88,,457.01,,455.39,,-,,0.09%,
,May 25 2014,,456.59,,455.57,,457.16,,455.57,,-,,0.16%,
,May 18 2014,,455.86,,456.25,,456.25,,455.34,,-,,0.02%,
,May 11 2014,,455.79,,453.09,,455.79,,453.09,,-,,0.44%,
,May 04 2014,,453.81,,453.79,,453.81,,453.02,,-,,0.11%,
,Apr 27 2014,,453.31,,452.44,,453.31,,451.79,,-,,0.25%,
,Apr 20 2014,,452.18,,451.78,,452.18,,451.53,,-,,-0.10%,
,Apr 13 2014,,452.65,,451.98,,452.76,,451.98,,-,,0.19%,
,Apr 06 2014,,451.80,,451.00,,451.94,,451.00,,-,,0.37%,
,Mar 30 2014,,450.12,,451.07,,451.07,,449.91,,-,,-0.41%,
,Mar 23 2014,,451.96,,449.30,,451.96,,449.30,,-,,0.54%,
,Mar 16 2014,,449.52,,451.10,,451.16,,449.42,,-,,-0.48%,
,Mar 09 2014,,451.70,,449.27,,451.70,,449.27,,-,,0.55%,
,Mar 02 2014,,449.22,,450.86,,450.86,,449.22,,-,,-0.27%,
,Feb 23 2014,,450.42,,448.89,,451.31,,448.47,,-,,0.30%,
,Feb 16 2014,,449.07,,448.75,,449.80,,448.75,,-,,0.02%,
,Feb 09 2014,,449.00,,449.07,,449.07,,448.59,,-,,0.03%,
,Feb 02 2014,,448.88,,448.75,,449.68,,448.75,,-,,0.05%,
,Jan 26 2014,,448.66,,446.70,,448.66,,446.40,,-,,0.41%,
,Jan 19 2014,,446.82,,445.06,,446.82,,444.94,,-,,0.52%,
,Jan 12 2014,,444.52,,443.08,,444.52,,443.08,,-,,0.65%,
,Jan 05 2014,,441.65,,441.55,,441.82,,441.07,,-,,0.20%,
,Dec 29 2013,,440.79,,440.54,,440.79,,440.53,,-,,-0.03%,
,Dec 22 2013,,440.93,,441.57,,441.57,,440.93,,-,,-0.26%,
,Dec 15 2013,,442.06,,443.05,,443.35,,442.06,,-,,-0.24%,
,Dec 08 2013,,443.13,,443.29,,443.58,,443.13,,-,,0.02%,
,Dec 01 2013,,443.06,,445.55,,445.55,,443.06,,-,,-0.66%,
,Nov 24 2013,,446.00,,445.58,,446.00,,445.58,,-,,0.27%,
,Nov 17 2013,,444.82,,445.86,,446.22,,444.82,,-,,-0.26%,
,Nov 10 2013,,446.00,,445.37,,446.00,,444.39,,-,,0.06%,
,Nov 03 2013,,445.75,,446.24,,446.24,,445.31,,-,,-0.15%,
,Oct 27 2013,,446.41,,443.98,,446.41,,443.98,,-,,0.53%,
,Oct 20 2013,,444.06,,442.80,,444.23,,442.50,,-,,0.25%,
,Oct 13 2013,,442.97,,442.63,,442.97,,441.60,,-,,0.08%,
,Oct 06 2013,,442.62,,442.95,,443.89,,442.62,,-,,-0.06%,
,Sep 29 2013,,442.90,,443.60,,443.80,,442.38,,-,,0.01%,
,Sep 22 2013,,442.87,,440.58,,442.87,,440.58,,-,,0.40%,
,Sep 15 2013,,441.12,,440.02,,441.30,,439.64,,-,,0.51%,
,Sep 08 2013,,438.87,,438.22,,438.95,,437.24,,-,,0.36%,
,Sep 01 2013,,437.31,,438.25,,438.63,,437.31,,-,,-0.55%,
,Aug 25 2013,,439.74,,438.13,,439.74,,438.13,,-,,0.45%,
,Aug 18 2013,,437.79,,439.03,,439.70,,437.79,,-,,-0.31%,
,Aug 11 2013,,439.14,,441.71,,441.71,,439.14,,-,,-0.66%,
,Aug 04 2013,,442.04,,442.74,,442.74,,441.38,,-,,0.13%,
,Jul 28 2013,,441.48,,442.77,,443.66,,441.48,,-,,-0.35%,
,Jul 21 2013,,443.03,,445.17,,445.17,,443.03,,-,,-0.51%,
,Jul 14 2013,,445.30,,443.98,,445.30,,443.98,,-,,0.30%,
,Jul 07 2013,,443.96,,442.50,,443.96,,442.50,,-,,0.23%,
,Jun 30 2013,,442.92,,438.78,,442.92,,438.78,,-,,0.71%,
,Jun 23 2013,,439.78,,437.58,,439.78,,437.58,,-,,-0.03%,
,Jun 16 2013,,439.92,,442.55,,442.55,,439.92,,-,,-0.65%,
,Jun 09 2013,,442.79,,442.32,,442.79,,440.42,,-,,-0.07%,
,Jun 02 2013,,443.12,,442.53,,443.12,,441.80,,-,,-0.23%,
,May 26 2013,,444.13,,444.15,,444.15,,442.76,,-,,0.02%,
,May 19 2013,,444.02,,445.08,,445.09,,444.02,,-,,-0.42%,
,May 12 2013,,445.88,,444.82,,445.88,,444.47,,-,,0.15%,
,May 05 2013,,445.22,,446.64,,446.64,,445.22,,-,,-0.52%,
,Apr 28 2013,,447.55,,447.27,,447.55,,447.19,,-,,0.10%,
,Apr 21 2013,,447.09,,446.43,,447.77,,446.43,,-,,0.06%,
,Apr 14 2013,,446.82,,446.31,,446.90,,446.14,,-,,-0.09%,
,Apr 07 2013,,447.23,,447.46,,447.46,,445.60,,-,,0.13%,
,Mar 31 2013,,446.63,,445.93,,446.63,,445.72,,-,,-0.08%,
,Mar 24 2013,,446.99,,445.19,,446.99,,444.90,,-,,0.39%,
,Mar 17 2013,,445.25,,443.78,,445.25,,443.78,,-,,0.68%,
,Mar 10 2013,,442.25,,441.75,,442.25,,441.72,,-,,0.12%,
,Mar 03 2013,,441.71,,443.52,,443.52,,441.71,,-,,-0.24%,
,Feb 24 2013,,442.79,,440.55,,442.79,,440.55,,-,,0.69%,
,Feb 17 2013,,439.75,,438.93,,439.75,,438.56,,-,,0.20%,
,Feb 10 2013,,438.88,,438.74,,439.06,,437.84,,-,,0.01%,
,Feb 03 2013,,438.84,,436.95,,438.84,,436.95,,-,,0.43%,
,Jan 27 2013,,436.97,,437.23,,437.23,,435.65,,-,,-0.47%,
,Jan 20 2013,,439.04,,438.39,,440.03,,438.20,,-,,0.19%,
,Jan 13 2013,,438.19,,438.10,,439.23,,438.04,,-,,0.05%,
,Jan 06 2013,,437.99,,438.41,,439.49,,437.99,,-,,-0.12%,
,Dec 30 2012,,438.53,,440.57,,440.57,,438.53,,-,,-0.94%,
,Dec 23 2012,,442.69,,441.44,,442.69,,441.44,,-,,0.35%,
,Dec 16 2012,,441.16,,441.67,,441.76,,440.88,,-,,-0.21%,
,Dec 09 2012,,442.11,,443.43,,443.43,,442.11,,-,,-0.19%,
,Dec 02 2012,,442.95,,441.27,,442.95,,440.30,,-,,0.30%,
,Nov 25 2012,,441.62,,440.60,,441.62,,440.36,,-,,0.34%,
,Nov 18 2012,,440.12,,442.04,,442.04,,440.12,,-,,-0.45%,
,Nov 11 2012,,442.12,,441.40,,442.34,,441.40,,-,,0.14%,
,Nov 04 2012,,441.52,,439.16,,441.52,,439.16,,-,,0.43%,
,Oct 28 2012,,439.64,,439.00,,439.64,,438.30,,-,,0.38%,
,Oct 21 2012,,437.96,,435.96,,437.96,,435.96,,-,,0.54%,
,Oct 14 2012,,435.61,,438.54,,438.54,,435.61,,-,,-0.57%,
,Oct 07 2012,,438.09,,437.61,,438.54,,437.61,,-,,0.02%,
,Sep 30 2012,,438.01,,437.90,,438.18,,437.90,,-,,-0.04%,
,Sep 23 2012,,438.18,,436.56,,438.35,,436.56,,-,,0.65%,
,Sep 16 2012,,435.36,,434.30,,436.56,,434.30,,-,,0.07%,
,Sep 09 2012,,435.07,,437.34,,437.34,,434.53,,-,,-0.16%,
,Sep 02 2012,,435.75,,440.22,,440.22,,435.75,,-,,-0.79%,
,Aug 26 2012,,439.23,,440.49,,440.49,,439.09,,-,,-0.02%,
,Aug 19 2012,,439.32,,436.68,,439.32,,436.16,,-,,0.79%,
,Aug 12 2012,,435.88,,438.62,,438.62,,435.74,,-,,-0.72%,
,Aug 05 2012,,439.02,,438.51,,439.02,,437.57,,-,,-0.20%,
,Jul 29 2012,,439.91,,437.52,,439.91,,437.52,,-,,0.41%,
,Jul 22 2012,,438.10,,441.54,,441.54,,438.10,,-,,-0.49%,
,Jul 15 2012,,440.27,,439.74,,440.37,,439.13,,-,,0.14%,
,Jul 08 2012,,439.67,,437.63,,439.67,,437.63,,-,,0.79%,
,Jul 01 2012,,436.22,,433.69,,436.22,,433.37,,-,,1.08%,
,Jun 24 2012,,431.56,,433.48,,433.48,,431.56,,-,,-0.27%,
,Jun 17 2012,,432.73,,434.53,,434.53,,430.68,,-,,-0.15%,
,Jun 10 2012,,433.37,,435.05,,435.33,,432.71,,-,,-0.73%,
,Jun 03 2012,,436.56,,438.05,,438.47,,435.45,,-,,-0.59%,
,May 27 2012,,439.15,,435.43,,439.15,,435.43,,-,,1.02%,
,May 20 2012,,434.70,,433.59,,435.34,,433.36,,-,,0.06%,
,May 13 2012,,434.43,,434.10,,434.43,,433.49,,-,,0.29%,
,May 06 2012,,433.16,,432.29,,433.48,,432.21,,-,,0.44%,
,Apr 29 2012,,431.26,,430.04,,431.26,,430.04,,-,,0.23%,
,Apr 22 2012,,430.25,,430.06,,430.25,,428.80,,-,,0.42%,
,Apr 15 2012,,428.47,,427.89,,428.47,,427.62,,-,,0.11%,
,Apr 08 2012,,428.01,,427.63,,428.19,,427.63,,-,,0.21%,
,Apr 01 2012,,427.13,,424.43,,427.13,,424.43,,-,,0.45%,
,Mar 25 2012,,425.23,,424.14,,425.23,,423.27,,-,,0.31%,
,Mar 18 2012,,423.93,,419.95,,423.93,,419.43,,-,,0.75%,
,Mar 11 2012,,420.78,,424.55,,425.36,,420.78,,-,,-0.77%,
,Mar 04 2012,,424.05,,423.90,,424.25,,423.73,,-,,0.17%,
,Feb 26 2012,,423.34,,423.75,,424.51,,423.34,,-,,0.13%,
,Feb 19 2012,,422.77,,421.01,,422.77,,420.56,,-,,0.12%,
,Feb 12 2012,,422.26,,421.76,,423.38,,421.24,,-,,0.28%,
,Feb 05 2012,,421.06,,423.51,,423.62,,421.06,,-,,-0.79%,
,Jan 29 2012,,424.41,,423.85,,425.24,,423.47,,-,,0.33%,
,Jan 22 2012,,423.03,,421.68,,423.03,,420.43,,-,,0.28%,
,Jan 15 2012,,421.83,,424.81,,424.81,,421.83,,-,,-0.67%,
,Jan 08 2012,,424.68,,422.20,,424.68,,422.20,,-,,0.55%,
,Jan 01 2012,,422.36,,422.80,,422.80,,421.48,,-,,-0.17%,
,Dec 25 2011,,423.06,,421.22,,423.06,,421.22,,-,,0.44%,
,Dec 18 2011,,421.22,,422.31,,422.31,,420.37,,-,,-0.19%,
,Dec 11 2011,,422.02,,419.15,,422.02,,419.15,,-,,0.81%,
,Dec 04 2011,,418.61,,416.91,,418.61,,416.17,,-,,0.35%,
,Nov 27 2011,,417.14,,413.38,,417.14,,413.38,,-,,0.33%,
,Nov 20 2011,,415.75,,419.94,,419.94,,415.62,,-,,-0.91%,
,Nov 13 2011,,419.55,,419.58,,422.38,,419.55,,-,,-0.15%,
,Nov 06 2011,,420.19,,421.43,,422.28,,420.19,,-,,0.32%,
,Oct 30 2011,,418.86,,415.61,,419.70,,415.61,,-,,1.30%,
,Oct 23 2011,,413.48,,415.73,,415.73,,413.48,,-,,-0.51%,
,Oct 16 2011,,415.60,,412.05,,416.09,,412.05,,-,,0.69%,
,Oct 09 2011,,412.76,,412.82,,414.13,,412.48,,-,,-0.56%,
,Oct 02 2011,,415.07,,416.80,,417.74,,415.07,,-,,0.13%,
,Sep 25 2011,,414.52,,417.40,,417.40,,414.25,,-,,-1.05%,
,Sep 18 2011,,418.90,,417.28,,419.12,,416.87,,-,,1.21%,
,Sep 11 2011,,413.90,,419.17,,419.17,,413.90,,-,,-0.82%,
,Sep 04 2011,,417.33,,416.23,,417.33,,415.47,,-,,1.01%,
,Aug 28 2011,,413.14,,411.97,,413.14,,410.59,,-,,0.30%,
,Aug 21 2011,,411.92,,412.56,,412.56,,411.17,,-,,-0.08%,
,Aug 14 2011,,412.25,,407.93,,412.25,,407.93,,-,,0.75%,
,Aug 07 2011,,409.19,,406.29,,409.78,,406.29,,-,,0.38%,
,Jul 31 2011,,407.66,,402.06,,407.66,,402.06,,-,,1.69%,
,Jul 24 2011,,400.88,,397.53,,401.24,,397.53,,-,,1.37%,
,Jul 17 2011,,395.48,,399.91,,399.91,,395.48,,-,,-0.93%,
,Jul 10 2011,,399.20,,398.52,,400.99,,397.94,,-,,0.90%,
,Jul 03 2011,,395.64,,393.02,,395.64,,392.70,,-,,0.77%,
,Jun 26 2011,,392.60,,396.16,,396.24,,392.60,,-,,-0.76%,
,Jun 19 2011,,395.60,,395.36,,395.60,,394.17,,-,,0.17%,
,Jun 12 2011,,394.92,,394.08,,395.24,,393.61,,-,,0.45%,
,Jun 05 2011,,393.17,,391.80,,393.17,,390.88,,-,,0.30%,
,May 29 2011,,391.98,,392.69,,392.69,,391.38,,-,,-0.21%,
,May 22 2011,,392.82,,391.33,,392.82,,390.71,,-,,0.79%,
,May 15 2011,,389.73,,389.44,,389.73,,389.12,,-,,0.23%,
,May 08 2011,,388.83,,387.26,,389.42,,387.26,,-,,0.60%,
,May 01 2011,,386.53,,385.09,,386.53,,383.70,,-,,0.24%,
,Apr 24 2011,,385.59,,385.11,,385.59,,384.81,,-,,0.43%,
,Apr 17 2011,,383.93,,383.64,,384.18,,383.64,,-,,0.41%,
,Apr 10 2011,,382.36,,380.13,,382.36,,380.13,,-,,0.48%,
,Apr 03 2011,,380.54,,382.28,,382.37,,380.54,,-,,-0.41%,
,Mar 27 2011,,382.11,,383.68,,383.68,,382.11,,-,,-0.62%,
,Mar 20 2011,,384.49,,385.57,,385.57,,383.90,,-,,-0.64%,
,Mar 13 2011,,386.97,,383.39,,387.25,,383.39,,-,,0.65%,
,Mar 06 2011,,384.47,,382.24,,384.47,,382.24,,-,,0.50%,
,Feb 27 2011,,382.56,,385.67,,385.67,,382.56,,-,,-0.78%,
,Feb 20 2011,,385.58,,384.49,,385.58,,383.72,,-,,0.18%,
,Feb 13 2011,,384.88,,383.88,,384.88,,383.24,,-,,0.35%,
,Feb 06 2011,,383.54,,383.27,,383.80,,383.27,,-,,0.10%,
,Jan 30 2011,,383.17,,383.93,,384.66,,383.17,,-,,-0.16%,
,Jan 23 2011,,383.80,,384.60,,385.30,,383.80,,-,,-0.31%,
,Jan 16 2011,,384.98,,387.41,,387.41,,384.98,,-,,-0.41%,
,Jan 09 2011,,386.55,,391.02,,391.33,,386.55,,-,,-1.07%,
,Jan 02 2011,,390.73,,390.50,,390.73,,390.14,,-,,0.02%,
,Dec 26 2010,,390.67,,389.22,,391.03,,389.22,,-,,0.15%,
,Dec 19 2010,,390.08,,387.92,,390.08,,387.92,,-,,0.78%,
,Dec 12 2010,,387.05,,388.22,,388.91,,387.01,,-,,-0.42%,
,Dec 05 2010,,388.70,,393.24,,393.24,,388.70,,-,,-1.25%,
,Nov 28 2010,,393.61,,394.99,,396.11,,393.61,,-,,-0.35%,
,Nov 21 2010,,395.01,,392.77,,395.64,,392.77,,-,,0.43%,
,Nov 14 2010,,393.31,,395.80,,395.80,,393.20,,-,,-0.88%,
,Nov 07 2010,,396.80,,396.85,,398.14,,396.27,,-,,-0.05%,
,Oct 31 2010,,397.00,,395.19,,397.00,,394.91,,-,,0.65%,
,Oct 24 2010,,394.42,,395.90,,395.90,,394.20,,-,,-0.25%,
,Oct 17 2010,,395.42,,398.72,,398.72,,395.42,,-,,-0.99%,
,Oct 10 2010,,399.39,,398.97,,400.30,,398.89,,-,,0.13%,
,Oct 03 2010,,398.88,,398.23,,398.98,,398.23,,-,,0.35%,
,Sep 26 2010,,397.48,,397.89,,398.85,,397.48,,-,,-0.10%,
,Sep 19 2010,,397.88,,395.12,,397.88,,395.12,,-,,0.76%,
,Sep 12 2010,,394.89,,395.79,,397.31,,394.89,,-,,-0.88%,
,Sep 05 2010,,398.40,,399.13,,399.18,,397.87,,-,,-0.18%,
,Aug 29 2010,,399.13,,400.04,,400.87,,399.13,,-,,-0.13%,
,Aug 22 2010,,399.66,,397.41,,399.66,,397.41,,-,,0.50%,
,Aug 15 2010,,397.69,,395.63,,397.96,,395.63,,-,,0.74%,
,Aug 08 2010,,394.78,,392.50,,394.78,,392.50,,-,,0.70%,
,Aug 01 2010,,392.04,,388.50,,392.43,,388.50,,-,,0.87%,
,Jul 25 2010,,388.67,,390.58,,390.58,,388.67,,-,,-0.51%,
,Jul 18 2010,,390.66,,390.83,,391.41,,390.54,,-,,-0.11%,
,Jul 11 2010,,391.08,,391.46,,391.46,,390.64,,-,,0.04%,
,Jul 04 2010,,390.94,,392.48,,392.48,,390.94,,-,,-0.33%,
,Jun 27 2010,,392.24,,393.49,,394.62,,392.24,,-,,-0.38%,
,Jun 20 2010,,393.74,,391.38,,393.74,,391.38,,-,,0.22%,
,Jun 13 2010,,392.88,,393.48,,393.48,,392.64,,-,,0.00%,
,Jun 06 2010,,392.88,,393.64,,393.74,,392.88,,-,,0.03%,
,May 30 2010,,392.78,,392.46,,393.09,,392.46,,-,,0.29%,
,May 23 2010,,391.64,,392.51,,393.48,,391.64,,-,,-0.11%,
,May 16 2010,,392.06,,390.17,,392.06,,390.17,,-,,0.82%,
,May 09 2010,,388.87,,386.63,,389.16,,386.63,,-,,-0.32%,
,May 02 2010,,390.11,,384.99,,390.11,,384.99,,-,,1.27%,
,Apr 25 2010,,385.20,,383.51,,385.23,,383.51,,-,,0.63%,
,Apr 18 2010,,382.77,,383.06,,383.27,,382.54,,-,,0.08%,
,Apr 11 2010,,382.48,,382.20,,382.62,,382.20,,-,,-0.15%,
,Apr 04 2010,,383.04,,382.57,,384.00,,382.57,,-,,0.04%,
,Mar 28 2010,,382.90,,381.59,,382.90,,381.59,,-,,0.36%,
,Mar 21 2010,,381.54,,382.34,,382.66,,381.54,,-,,-0.21%,
,Mar 14 2010,,382.34,,380.77,,382.47,,380.77,,-,,0.48%,
,Mar 07 2010,,380.50,,380.78,,381.00,,380.50,,-,,-0.28%,
,Feb 28 2010,,381.58,,380.95,,381.58,,380.75,,-,,0.18%,
,Feb 21 2010,,380.90,,378.85,,380.90,,378.85,,-,,0.57%,
,Feb 14 2010,,378.73,,378.68,,379.05,,378.68,,-,,0.01%,
,Feb 07 2010,,378.69,,378.85,,378.94,,378.00,,-,,-0.00%,
,Jan 31 2010,,378.70,,377.66,,378.70,,377.66,,-,,0.36%,
,Jan 24 2010,,377.34,,376.67,,377.34,,376.67,,-,,0.18%,
,Jan 17 2010,,376.67,,374.70,,376.67,,374.70,,-,,0.58%,
,Jan 10 2010,,374.50,,373.80,,374.50,,373.27,,-,,0.21%,
,Jan 03 2010,,373.73,,374.74,,374.74,,373.73,,-,,-0.50%,
,Dec 27 2009,,375.62,,376.92,,376.92,,375.62,,-,,-0.61%,
,Dec 20 2009,,377.93,,378.50,,378.50,,377.93,,-,,-0.21%,
,Dec 13 2009,,378.74,,377.16,,378.74,,377.16,,-,,0.43%,
,Dec 06 2009,,377.10,,375.20,,377.33,,375.20,,-,,0.14%,
,Nov 29 2009,,376.59,,376.93,,376.93,,375.94,,-,,-0.03%,
,Nov 22 2009,,376.72,,374.57,,376.72,,374.57,,-,,0.45%,
,Nov 15 2009,,375.04,,374.56,,375.04,,374.38,,-,,0.30%,
,Nov 08 2009,,373.92,,372.98,,373.92,,372.98,,-,,0.33%,
,Nov 01 2009,,372.70,,372.74,,373.60,,372.56,,-,,0.14%,
,Oct 25 2009,,372.19,,369.46,,372.19,,369.46,,-,,0.63%,
,Oct 18 2009,,369.86,,369.27,,370.18,,369.27,,-,,0.11%,
,Oct 11 2009,,369.46,,370.21,,370.94,,369.46,,-,,-0.34%,
,Oct 04 2009,,370.73,,371.32,,371.42,,370.73,,-,,-0.24%,
,Sep 27 2009,,371.64,,369.99,,371.64,,369.64,,-,,0.45%,
,Sep 20 2009,,369.97,,368.65,,369.97,,368.10,,-,,0.45%,
,Sep 13 2009,,368.32,,368.14,,369.20,,368.14,,-,,-0.25%,
,Sep 06 2009,,369.23,,369.73,,369.89,,368.70,,-,,0.04%,
,Aug 30 2009,,369.08,,368.15,,369.08,,368.15,,-,,0.45%,
,Aug 23 2009,,367.44,,366.65,,367.99,,366.65,,-,,0.05%,
,Aug 16 2009,,367.26,,366.38,,367.26,,366.03,,-,,0.42%,
,Aug 09 2009,,365.73,,364.86,,365.73,,364.04,,-,,0.15%,
,Aug 02 2009,,365.17,,365.85,,365.85,,364.95,,-,,0.10%,
,Jul 26 2009,,364.79,,363.95,,364.79,,363.92,,-,,0.10%,
,Jul 19 2009,,364.42,,363.29,,364.48,,363.29,,-,,-0.17%,
,Jul 12 2009,,365.03,,366.11,,366.11,,363.97,,-,,-0.17%,
,Jul 05 2009,,365.66,,365.96,,366.08,,365.15,,-,,0.11%,
,Jun 28 2009,,365.27,,365.47,,365.47,,364.53,,-,,0.19%,
,Jun 21 2009,,364.59,,362.85,,364.59,,362.64,,-,,0.68%,
,Jun 14 2009,,362.14,,360.52,,362.38,,360.52,,-,,0.86%,
,Jun 07 2009,,359.05,,358.99,,359.19,,358.41,,-,,-0.37%,
,May 31 2009,,360.38,,361.53,,361.82,,360.38,,-,,-0.20%,
,May 24 2009,,361.09,,361.21,,361.68,,360.62,,-,,-1.11%,
,May 17 2009,,365.15,,365.28,,365.28,,364.50,,-,,-0.25%,
,May 10 2009,,366.07,,363.68,,366.07,,362.24,,-,,0.99%,
,May 03 2009,,362.47,,365.06,,365.06,,362.47,,-,,-0.56%,
,Apr 26 2009,,364.52,,365.35,,365.35,,364.52,,-,,-0.05%,
,Apr 19 2009,,364.69,,365.32,,365.99,,364.69,,-,,-0.22%,
,Apr 12 2009,,365.51,,364.67,,365.51,,364.67,,-,,0.61%,
,Apr 05 2009,,363.28,,364.11,,364.48,,363.28,,-,,-0.44%,
,Mar 29 2009,,364.89,,365.72,,367.31,,364.89,,-,,0.17%,
,Mar 22 2009,,364.26,,363.85,,364.26,,362.13,,-,,0.00%,
,Mar 15 2009,,364.25,,363.43,,364.30,,362.12,,-,,0.67%,
,Mar 08 2009,,361.83,,363.02,,363.02,,361.43,,-,,-0.61%,
,Mar 01 2009,,364.05,,362.46,,364.05,,362.46,,-,,0.69%,
,Feb 22 2009,,361.56,,359.54,,361.93,,359.54,,-,,0.26%,
,Feb 15 2009,,360.61,,359.88,,360.76,,359.88,,-,,0.37%,
,Feb 08 2009,,359.28,,356.40,,359.28,,355.89,,-,,0.32%,
,Feb 01 2009,,358.14,,357.39,,358.14,,357.39,,-,,0.52%,
,Jan 25 2009,,356.29,,358.18,,358.18,,356.29,,-,,-1.61%,
,Jan 18 2009,,362.11,,360.02,,362.11,,360.02,,-,,0.51%,
,Jan 11 2009,,360.29,,359.21,,360.29,,359.21,,-,,0.20%,
,Jan 04 2009,,359.56,,357.75,,359.56,,357.41,,-,,0.07%,
,Dec 28 2008,,359.32,,360.66,,360.66,,357.99,,-,,-0.11%,
,Dec 21 2008,,359.72,,359.29,,359.72,,359.29,,-,,0.06%,
,Dec 14 2008,,359.49,,353.51,,359.97,,352.42,,-,,2.26%,
,Dec 07 2008,,351.54,,354.82,,354.82,,351.15,,-,,-1.71%,
,Nov 30 2008,,357.67,,356.52,,359.60,,356.52,,-,,0.86%,
,Nov 23 2008,,354.63,,353.82,,354.69,,353.72,,-,,0.71%,
,Nov 16 2008,,352.12,,352.65,,353.20,,352.12,,-,,-0.06%,
,Nov 09 2008,,352.34,,348.62,,352.34,,348.62,,-,,0.95%,
,Nov 02 2008,,349.04,,346.38,,349.04,,346.38,,-,,0.65%,
,Oct 26 2008,,346.77,,348.13,,348.80,,346.14,,-,,-0.75%,
,Oct 19 2008,,349.39,,343.39,,349.39,,343.39,,-,,1.67%,
,Oct 12 2008,,343.66,,345.35,,345.35,,341.50,,-,,-2.36%,
,Oct 05 2008,,351.96,,350.69,,351.96,,347.03,,-,,0.99%,
,Sep 28 2008,,348.50,,343.79,,348.50,,340.64,,-,,2.59%,
,Sep 21 2008,,339.71,,336.57,,339.96,,336.57,,-,,0.12%,
,Sep 14 2008,,339.31,,341.21,,341.99,,339.31,,-,,-0.11%,
,Sep 07 2008,,339.68,,339.09,,340.99,,339.09,,-,,-0.77%,
,Aug 31 2008,,342.33,,338.83,,342.33,,337.81,,-,,1.27%,
,Aug 24 2008,,338.04,,338.37,,339.83,,338.04,,-,,0.17%,
,Aug 17 2008,,337.48,,337.80,,338.46,,337.48,,-,,0.25%,
,Aug 10 2008,,336.64,,335.38,,336.64,,335.38,,-,,0.56%,
,Aug 03 2008,,334.75,,333.18,,334.75,,332.94,,-,,0.63%,
,Jul 27 2008,,332.64,,330.26,,332.64,,330.26,,-,,0.34%,
,Jul 20 2008,,331.50,,327.88,,331.50,,327.60,,-,,0.17%,
,Jul 13 2008,,330.93,,328.84,,331.71,,328.84,,-,,0.32%,
,Jul 06 2008,,329.87,,329.48,,330.37,,329.33,,-,,0.38%,
,Jun 29 2008,,328.62,,328.66,,328.66,,325.70,,-,,-0.35%,
,Jun 22 2008,,329.76,,328.26,,329.76,,327.73,,-,,1.05%,
,Jun 15 2008,,326.32,,327.70,,327.70,,325.92,,-,,-0.19%,
,Jun 08 2008,,326.93,,330.35,,330.35,,326.93,,-,,-1.10%,
,Jun 01 2008,,330.56,,332.78,,333.33,,330.56,,-,,-0.28%,
,May 25 2008,,331.48,,332.60,,332.60,,331.48,,-,,-0.48%,
,May 18 2008,,333.07,,335.90,,335.90,,333.07,,-,,-0.77%,
,May 11 2008,,335.66,,339.18,,339.27,,334.85,,-,,-0.97%,
,May 04 2008,,338.94,,336.56,,338.94,,335.86,,-,,0.58%,
,Apr 27 2008,,336.97,,335.47,,336.97,,335.47,,-,,0.56%,
,Apr 20 2008,,335.09,,337.83,,337.83,,335.09,,-,,-0.83%,
,Apr 13 2008,,337.89,,342.10,,342.10,,337.89,,-,,-0.69%,
,Apr 06 2008,,340.24,,338.93,,340.24,,338.93,,-,,0.39%,
,Mar 30 2008,,338.93,,339.39,,339.94,,338.93,,-,,0.14%,
,Mar 23 2008,,338.47,,339.29,,339.75,,338.25,,-,,-1.22%,
,Mar 16 2008,,342.66,,344.67,,344.67,,342.66,,-,,0.30%,
,Mar 09 2008,,341.65,,341.77,,341.77,,339.25,,-,,-0.05%,
,Mar 02 2008,,341.82,,338.53,,341.82,,338.53,,-,,1.31%,
,Feb 24 2008,,337.41,,334.40,,337.41,,334.40,,-,,0.79%,
,Feb 17 2008,,334.77,,334.91,,335.40,,334.48,,-,,0.12%,
,Feb 10 2008,,334.37,,336.32,,336.59,,334.37,,-,,-0.13%,
,Feb 03 2008,,334.82,,334.20,,335.96,,334.20,,-,,0.27%,
,Jan 27 2008,,333.91,,333.47,,333.91,,332.95,,-,,0.35%,
,Jan 20 2008,,332.74,,332.75,,334.78,,332.74,,-,,0.03%,
,Jan 13 2008,,332.65,,330.46,,332.65,,330.41,,-,,1.11%,
,Jan 06 2008,,329.01,,329.15,,329.71,,329.01,,-,,0.15%,
,Dec 30 2007,,328.51,,325.07,,328.51,,325.07,,-,,1.07%,
,Dec 23 2007,,325.02,,325.66,,325.66,,325.02,,-,,-0.44%,
,Dec 16 2007,,326.46,,326.50,,326.50,,325.76,,-,,-0.08%,
,Dec 09 2007,,326.72,,329.30,,329.30,,326.72,,-,,-1.15%,
,Dec 02 2007,,330.52,,329.16,,331.44,,329.16,,-,,0.29%,
,Nov 25 2007,,329.57,,329.89,,330.68,,329.50,,-,,-0.44%,
,Nov 18 2007,,331.03,,328.01,,331.03,,328.01,,-,,1.07%,
,Nov 11 2007,,327.51,,326.88,,327.51,,325.72,,-,,0.24%,
,Nov 04 2007,,326.71,,325.08,,326.71,,325.08,,-,,0.58%,
,Oct 28 2007,,324.81,,324.64,,325.07,,323.40,,-,,-0.08%,
,Oct 21 2007,,325.08,,323.94,,325.08,,323.87,,-,,0.81%,
,Oct 14 2007,,322.48,,320.57,,322.48,,320.48,,-,,0.54%,
,Oct 07 2007,,320.76,,321.49,,321.74,,320.76,,-,,-0.47%,
,Sep 30 2007,,322.28,,321.23,,322.28,,321.11,,-,,0.32%,
,Sep 23 2007,,321.24,,320.67,,321.88,,320.67,,-,,0.02%,
,Sep 16 2007,,321.18,,322.98,,323.03,,321.18,,-,,-0.65%,
,Sep 09 2007,,323.29,,323.88,,324.50,,323.29,,-,,0.31%,
,Sep 02 2007,,322.29,,321.55,,322.56,,321.55,,-,,0.28%,
,Aug 26 2007,,321.38,,320.35,,322.36,,320.35,,-,,-0.05%,
,Aug 19 2007,,321.55,,319.91,,321.55,,319.70,,-,,0.30%,
,Aug 12 2007,,320.60,,318.58,,320.60,,318.58,,-,,0.64%,
,Aug 05 2007,,318.56,,318.77,,318.77,,317.07,,-,,0.29%,
,Jul 29 2007,,317.64,,318.36,,318.91,,317.64,,-,,0.04%,
,Jul 22 2007,,317.50,,316.18,,317.50,,316.14,,-,,0.68%,
,Jul 15 2007,,315.35,,314.02,,315.35,,314.02,,-,,0.62%,
,Jul 08 2007,,313.41,,313.07,,314.53,,313.07,,-,,0.00%,
,Jul 01 2007,,313.41,,315.09,,315.09,,313.41,,-,,-0.43%,
,Jun 24 2007,,314.75,,313.52,,314.75,,313.52,,-,,0.47%,
,Jun 17 2007,,313.27,,313.44,,314.17,,313.00,,-,,0.12%,
,Jun 10 2007,,312.91,,314.23,,314.23,,312.91,,-,,-0.38%,
,Jun 03 2007,,314.11,,315.48,,315.48,,314.11,,-,,-0.46%,
,May 27 2007,,315.55,,315.95,,315.95,,315.55,,-,,-0.11%,
,May 20 2007,,315.91,,316.25,,316.25,,315.82,,-,,-0.11%,
,May 13 2007,,316.26,,316.93,,316.93,,316.26,,-,,-0.63%,
,May 06 2007,,318.28,,317.10,,318.28,,317.10,,-,,0.38%,
,Apr 29 2007,,317.06,,317.17,,317.25,,317.06,,-,,-0.02%,
,Apr 22 2007,,317.13,,317.48,,317.67,,317.13,,-,,-0.01%,
,Apr 15 2007,,317.15,,316.70,,317.89,,316.46,,-,,0.07%,
,Apr 08 2007,,316.93,,317.71,,317.78,,316.93,,-,,-0.51%,
,Apr 01 2007,,318.57,,318.68,,318.68,,318.31,,-,,-0.03%,
,Mar 25 2007,,318.65,,319.16,,319.16,,318.65,,-,,-0.37%,
,Mar 18 2007,,319.82,,319.66,,320.38,,319.66,,-,,-0.15%,
,Mar 11 2007,,320.29,,319.21,,320.29,,319.21,,-,,0.20%,
,Mar 04 2007,,319.65,,320.07,,320.07,,319.36,,-,,0.05%,
,Feb 25 2007,,319.49,,318.12,,319.49,,318.12,,-,,0.66%,
,Feb 18 2007,,317.39,,317.39,,317.64,,316.88,,-,,-0.08%,
,Feb 11 2007,,317.63,,316.04,,317.63,,316.04,,-,,0.35%,
,Feb 04 2007,,316.51,,316.69,,317.01,,316.51,,-,,0.22%,
,Jan 28 2007,,315.81,,315.64,,316.24,,315.64,,-,,0.04%,
,Jan 21 2007,,315.69,,316.47,,316.47,,315.69,,-,,-0.20%,
,Jan 14 2007,,316.33,,315.92,,316.41,,315.90,,-,,0.04%,
,Jan 07 2007,,316.19,,316.70,,316.70,,316.18,,-,,-0.39%,
,Dec 31 2006,,317.43,,317.11,,317.43,,317.11,,-,,0.12%,
,Dec 24 2006,,317.05,,317.75,,317.75,,317.05,,-,,-0.30%,
,Dec 17 2006,,318.01,,318.33,,318.33,,317.81,,-,,-0.19%,
,Dec 10 2006,,318.62,,319.51,,319.63,,318.62,,-,,-0.41%,
,Dec 03 2006,,319.92,,320.67,,320.67,,319.92,,-,,-0.08%,
,Nov 26 2006,,320.18,,319.81,,320.18,,319.80,,-,,0.12%,
,Nov 19 2006,,319.79,,319.79,,319.79,,319.12,,-,,0.51%,
,Nov 12 2006,,318.16,,318.96,,319.04,,318.16,,-,,-0.13%,
,Nov 05 2006,,318.57,,317.61,,318.57,,317.61,,-,,0.01%,
,Oct 29 2006,,318.55,,317.29,,318.58,,317.27,,-,,0.55%,
,Oct 22 2006,,316.82,,316.35,,316.82,,316.05,,-,,-0.09%,
,Oct 15 2006,,317.10,,316.76,,317.15,,316.76,,-,,0.03%,
,Oct 08 2006,,317.00,,317.79,,317.79,,316.89,,-,,-0.53%,
,Oct 01 2006,,318.68,,317.70,,318.68,,317.70,,-,,0.07%,
,Sep 24 2006,,318.45,,318.72,,318.72,,318.17,,-,,0.17%,
,Sep 17 2006,,317.92,,315.09,,317.92,,315.09,,-,,0.82%,
,Sep 10 2006,,315.33,,315.27,,315.59,,314.87,,-,,-0.06%,
,Sep 03 2006,,315.52,,315.81,,315.81,,315.04,,-,,-0.14%,
,Aug 27 2006,,315.96,,315.34,,315.96,,315.29,,-,,0.10%,
,Aug 20 2006,,315.65,,314.22,,315.65,,314.22,,-,,0.68%,
,Aug 13 2006,,313.51,,312.29,,313.82,,312.24,,-,,0.23%,
,Aug 06 2006,,312.80,,313.28,,313.40,,312.80,,-,,0.15%,
,Jul 30 2006,,312.33,,313.30,,313.36,,312.33,,-,,-0.26%,
,Jul 23 2006,,313.15,,312.61,,313.25,,312.36,,-,,0.18%,
,Jul 16 2006,,312.59,,312.05,,312.59,,311.58,,-,,0.25%,
,Jul 09 2006,,311.82,,310.28,,311.82,,310.28,,-,,0.60%,
,Jul 02 2006,,309.96,,310.44,,310.45,,309.81,,-,,-0.05%,
,Jun 25 2006,,310.13,,310.73,,310.73,,310.13,,-,,-0.24%,
,Jun 18 2006,,310.89,,311.87,,312.12,,310.89,,-,,-0.52%,
,Jun 11 2006,,312.50,,312.64,,313.60,,312.49,,-,,-0.00%,
,Jun 04 2006,,312.51,,312.30,,312.51,,311.27,,-,,0.39%,
,May 28 2006,,311.30,,312.80,,312.80,,311.30,,-,,-0.54%,
,May 21 2006,,313.00,,312.09,,313.15,,312.09,,-,,0.68%,
,May 14 2006,,310.90,,309.84,,310.90,,309.84,,-,,0.69%,
,May 07 2006,,308.78,,310.19,,310.19,,308.78,,-,,-0.27%,
,Apr 30 2006,,309.61,,309.80,,309.85,,309.61,,-,,-0.03%,
,Apr 23 2006,,309.69,,310.73,,310.73,,309.00,,-,,-0.37%,
,Apr 16 2006,,310.83,,310.37,,310.95,,310.37,,-,,0.11%,
,Apr 09 2006,,310.48,,310.63,,311.24,,310.48,,-,,-0.14%,
,Apr 02 2006,,310.93,,311.23,,311.23,,310.53,,-,,-0.18%,
,Mar 26 2006,,311.50,,313.61,,313.61,,311.50,,-,,-0.49%,
,Mar 19 2006,,313.03,,312.72,,313.56,,312.64,,-,,-0.15%,
,Mar 12 2006,,313.51,,312.18,,313.51,,312.12,,-,,0.22%,
,Mar 05 2006,,312.83,,313.59,,313.59,,312.83,,-,,-0.17%,
,Feb 26 2006,,313.36,,314.52,,314.77,,313.36,,-,,-0.55%,
,Feb 19 2006,,315.09,,315.87,,315.87,,315.09,,-,,-0.06%,
,Feb 12 2006,,315.29,,314.99,,315.29,,314.67,,-,,0.04%,
,Feb 05 2006,,315.16,,314.74,,315.16,,314.42,,-,,0.24%,
,Jan 29 2006,,314.40,,314.25,,314.87,,314.25,,-,,-0.07%,
,Jan 22 2006,,314.62,,316.07,,316.07,,314.62,,-,,-0.61%,
,Jan 15 2006,,316.54,,317.23,,318.10,,316.54,,-,,-0.06%,
,Jan 08 2006,,316.72,,317.42,,317.42,,316.43,,-,,-0.18%,
,Jan 01 2006,,317.30,,315.54,,317.30,,315.38,,-,,0.35%,
,Dec 25 2005,,316.20,,315.51,,316.20,,315.46,,-,,0.32%,
,Dec 18 2005,,315.19,,315.70,,315.70,,314.75,,-,,-0.04%,
,Dec 11 2005,,315.33,,314.40,,315.33,,314.37,,-,,0.01%,
,Dec 04 2005,,315.29,,314.26,,315.60,,314.26,,-,,0.19%,
,Nov 27 2005,,314.69,,313.92,,314.96,,313.92,,-,,0.08%,
,Nov 20 2005,,314.44,,312.05,,314.44,,312.05,,-,,0.41%,
,Nov 13 2005,,313.15,,312.55,,313.44,,312.17,,-,,0.18%,
,Nov 06 2005,,312.60,,312.26,,312.76,,311.94,,-,,0.04%,
,Oct 30 2005,,312.46,,313.92,,313.93,,312.46,,-,,-0.48%,
,Oct 23 2005,,313.98,,316.48,,316.48,,313.98,,-,,-0.69%,
,Oct 16 2005,,316.16,,315.90,,316.38,,315.71,,-,,-0.00%,
,Oct 09 2005,,316.17,,317.37,,317.37,,316.17,,-,,-0.19%,
,Oct 02 2005,,316.76,,317.00,,317.44,,316.73,,-,,-0.27%,
,Sep 25 2005,,317.62,,317.98,,317.98,,317.56,,-,,-0.49%,
,Sep 18 2005,,319.20,,318.19,,319.94,,318.19,,-,,0.36%,
,Sep 11 2005,,318.07,,318.86,,318.86,,317.78,,-,,-0.27%,
,Sep 04 2005,,318.93,,319.29,,319.29,,318.70,,-,,-0.14%,
,Aug 28 2005,,319.39,,317.67,,319.39,,316.91,,-,,0.59%,
,Aug 21 2005,,317.52,,317.16,,317.58,,316.99,,-,,0.09%,
,Aug 14 2005,,317.25,,315.77,,317.25,,315.51,,-,,0.61%,
,Aug 07 2005,,315.33,,313.87,,315.33,,313.86,,-,,0.28%,
,Jul 31 2005,,314.45,,314.84,,314.84,,314.30,,-,,-0.46%,
,Jul 24 2005,,315.91,,315.98,,316.04,,315.58,,-,,0.11%,
,Jul 17 2005,,315.55,,315.09,,315.55,,314.71,,-,,0.23%,
,Jul 10 2005,,314.84,,316.09,,316.09,,314.84,,-,,-0.47%,
,Jul 03 2005,,316.32,,316.29,,319.00,,315.55,,-,,-0.30%,
,Jun 26 2005,,317.28,,317.45,,317.45,,316.35,,-,,0.05%,
,Jun 19 2005,,317.12,,314.26,,317.16,,314.26,,-,,0.85%,
,Jun 12 2005,,314.45,,315.85,,315.85,,313.85,,-,,-0.54%,
,Jun 05 2005,,316.16,,315.15,,316.47,,315.15,,-,,0.29%,
,May 29 2005,,315.25,,313.65,,315.25,,313.65,,-,,0.43%,
,May 22 2005,,313.90,,312.22,,314.08,,312.22,,-,,0.37%,
,May 15 2005,,312.74,,312.65,,313.05,,312.65,,-,,-0.04%,
,May 08 2005,,312.88,,311.34,,312.88,,311.34,,-,,0.21%,
,May 01 2005,,312.21,,311.80,,312.21,,311.75,,-,,0.15%,
,Apr 24 2005,,311.74,,310.69,,311.74,,310.69,,-,,0.40%,
,Apr 17 2005,,310.49,,310.54,,310.72,,310.10,,-,,0.18%,
,Apr 10 2005,,309.92,,308.77,,309.92,,308.77,,-,,0.46%,
,Apr 03 2005,,308.51,,307.88,,308.51,,307.59,,-,,0.31%,
,Mar 27 2005,,307.55,,305.33,,307.55,,305.33,,-,,0.73%,
,Mar 20 2005,,305.31,,305.33,,305.45,,305.11,,-,,-0.05%,
,Mar 13 2005,,305.47,,304.85,,305.82,,304.85,,-,,0.04%,
,Mar 06 2005,,305.36,,306.14,,306.51,,305.09,,-,,0.10%,
,Feb 27 2005,,305.04,,305.64,,305.64,,304.82,,-,,-0.01%,
,Feb 20 2005,,305.08,,305.56,,305.56,,305.06,,-,,-0.37%,
,Feb 13 2005,,306.20,,307.58,,307.58,,306.20,,-,,-0.61%,
,Feb 06 2005,,308.09,,307.13,,308.21,,307.09,,-,,0.49%,
,Jan 30 2005,,306.59,,306.63,,306.95,,306.41,,-,,0.07%,
,Jan 23 2005,,306.39,,306.68,,306.68,,305.71,,-,,0.03%,
,Jan 16 2005,,306.31,,306.46,,306.81,,306.20,,-,,-0.01%,
,Jan 09 2005,,306.33,,305.45,,306.33,,305.37,,-,,0.30%,
,Jan 02 2005,,305.42,,304.63,,305.42,,304.24,,-,,0.53%,
,Dec 26 2004,,303.80,,305.40,,305.40,,303.80,,-,,-0.45%,
,Dec 19 2004,,305.17,,305.17,,305.40,,304.83,,-,,0.07%,
,Dec 12 2004,,304.95,,305.44,,305.73,,304.95,,-,,0.07%,
,Dec 05 2004,,304.74,,303.91,,304.95,,303.91,,-,,0.83%,
,Nov 28 2004,,302.23,,302.98,,303.41,,302.23,,-,,-0.20%,
,Nov 21 2004,,302.84,,302.03,,302.84,,302.03,,-,,0.31%,
,Nov 14 2004,,301.89,,301.66,,302.35,,301.66,,-,,0.17%,
,Nov 07 2004,,301.37,,299.67,,301.37,,299.67,,-,,0.31%,
,Oct 31 2004,,300.45,,300.19,,300.45,,299.52,,-,,0.16%,
,Oct 24 2004,,299.96,,300.50,,300.65,,299.80,,-,,0.03%,
,Oct 17 2004,,299.88,,299.51,,300.17,,299.49,,-,,0.12%,
,Oct 10 2004,,299.51,,298.32,,299.51,,298.32,,-,,0.55%,
,Oct 03 2004,,297.86,,297.03,,297.86,,297.03,,-,,0.20%,
,Sep 26 2004,,297.28,,297.45,,297.68,,297.21,,-,,-0.05%,
,Sep 19 2004,,297.44,,296.43,,297.50,,296.41,,-,,0.25%,
,Sep 12 2004,,296.69,,295.48,,296.69,,295.48,,-,,0.35%,
,Sep 05 2004,,295.65,,294.59,,295.65,,294.57,,-,,0.05%,
,Aug 29 2004,,295.50,,295.49,,296.50,,295.49,,-,,-0.11%,
,Aug 22 2004,,295.84,,295.14,,295.84,,294.82,,-,,0.06%,
,Aug 15 2004,,295.66,,295.45,,295.66,,294.97,,-,,0.11%,
,Aug 08 2004,,295.34,,294.89,,295.34,,294.58,,-,,0.49%,
,Aug 01 2004,,293.89,,293.15,,293.89,,292.82,,-,,0.57%,
,Jul 25 2004,,292.23,,291.99,,292.23,,291.08,,-,,0.13%,
,Jul 18 2004,,291.85,,292.39,,292.57,,291.75,,-,,0.05%,
,Jul 11 2004,,291.70,,292.17,,292.17,,291.59,,-,,-0.10%,
,Jul 04 2004,,291.99,,291.44,,291.99,,291.44,,-,,0.40%,
,Jun 27 2004,,290.83,,290.17,,290.83,,289.43,,-,,0.13%,
,Jun 20 2004,,290.45,,289.09,,290.45,,289.09,,-,,0.44%,
,Jun 13 2004,,289.17,,287.80,,289.31,,287.80,,-,,0.35%,
,Jun 06 2004,,288.16,,288.69,,289.21,,288.16,,-,,-0.37%,
,May 30 2004,,289.24,,289.49,,289.49,,288.89,,-,,-0.23%,
,May 23 2004,,289.91,,288.81,,289.91,,288.81,,-,,0.09%,
,May 16 2004,,289.65,,289.58,,289.65,,288.83,,-,,0.45%,
,May 09 2004,,288.36,,288.99,,289.31,,288.36,,-,,-0.54%,
,May 02 2004,,289.94,,290.35,,291.15,,289.94,,-,,-0.03%,
,Apr 25 2004,,290.03,,289.81,,290.28,,289.69,,-,,-0.30%,
,Apr 18 2004,,290.91,,291.18,,291.18,,290.04,,-,,0.04%,
,Apr 11 2004,,290.79,,290.92,,290.92,,290.47,,-,,-0.25%,
,Apr 04 2004,,291.51,,291.30,,291.66,,291.09,,-,,-0.48%,
,Mar 28 2004,,292.91,,293.61,,293.62,,292.91,,-,,-0.53%,
,Mar 21 2004,,294.46,,293.43,,294.46,,293.43,,-,,0.45%,
,Mar 14 2004,,293.15,,293.18,,293.24,,292.95,,-,,0.12%,
,Mar 07 2004,,292.80,,292.19,,292.80,,292.19,,-,,0.95%,
,Feb 29 2004,,290.05,,290.57,,290.57,,289.73,,-,,-0.20%,
,Feb 22 2004,,290.62,,288.92,,290.62,,288.92,,-,,0.44%,
,Feb 15 2004,,289.34,,289.17,,290.09,,289.17,,-,,0.07%,
,Feb 08 2004,,289.13,,288.45,,289.13,,288.07,,-,,0.67%,
,Feb 01 2004,,287.21,,286.77,,287.57,,286.77,,-,,0.25%,
,Jan 25 2004,,286.48,,287.83,,287.83,,286.48,,-,,-0.60%,
,Jan 18 2004,,288.20,,287.08,,288.20,,287.08,,-,,0.15%,
,Jan 11 2004,,287.78,,287.53,,287.78,,287.15,,-,,0.54%,
,Jan 04 2004,,286.23,,284.43,,286.23,,284.43,,-,,0.29%,
,Dec 28 2003,,285.40,,285.52,,285.52,,284.72,,-,,0.14%,
,Dec 21 2003,,285.01,,285.05,,285.05,,285.01,,-,,0.03%,
,Dec 14 2003,,284.92,,283.43,,285.25,,283.43,,-,,0.60%,
,Dec 07 2003,,283.22,,283.03,,283.22,,282.63,,-,,0.54%,
,Nov 30 2003,,281.69,,280.95,,281.69,,280.79,,-,,0.09%,
,Nov 23 2003,,281.44,,282.24,,282.24,,281.26,,-,,-0.52%,
,Nov 16 2003,,282.92,,282.67,,283.27,,282.36,,-,,0.35%,
,Nov 09 2003,,281.92,,280.16,,281.92,,280.08,,-,,0.53%,
,Nov 02 2003,,280.43,,281.41,,281.41,,280.43,,-,,-0.38%,
,Oct 26 2003,,281.51,,281.76,,282.11,,281.50,,-,,-0.18%,
,Oct 19 2003,,282.01,,281.08,,282.83,,281.08,,-,,0.43%,
,Oct 12 2003,,280.81,,281.98,,281.98,,280.81,,-,,-0.55%,
,Oct 05 2003,,282.37,,282.68,,283.03,,282.27,,-,,-0.51%,
,Sep 28 2003,,283.83,,284.46,,285.63,,283.83,,-,,-0.14%,
,Sep 21 2003,,284.24,,283.63,,284.24,,283.43,,-,,0.49%,
,Sep 14 2003,,282.84,,282.17,,282.88,,282.16,,-,,0.60%,
,Sep 07 2003,,281.16,,280.73,,281.56,,280.72,,-,,0.45%,
,Aug 31 2003,,279.90,,281.03,,281.03,,279.06,,-,,-0.41%,
,Aug 24 2003,,281.05,,281.34,,281.34,,280.68,,-,,0.04%,
,Aug 17 2003,,280.95,,280.83,,281.81,,280.56,,-,,-0.03%,
,Aug 10 2003,,281.04,,282.79,,282.79,,281.04,,-,,-0.54%,
,Aug 03 2003,,282.58,,280.83,,282.58,,280.75,,-,,0.71%,
,Jul 27 2003,,280.59,,282.87,,282.91,,280.59,,-,,-0.92%,
,Jul 20 2003,,283.20,,282.89,,283.52,,282.46,,-,,-0.04%,
,Jul 13 2003,,283.31,,285.50,,285.50,,282.78,,-,,-0.48%,
,Jul 06 2003,,284.67,,283.93,,284.67,,283.48,,-,,0.12%,
,Jun 29 2003,,284.32,,284.58,,285.37,,283.75,,-,,-0.02%,
,Jun 22 2003,,284.39,,286.04,,287.12,,284.39,,-,,-0.92%,
,Jun 15 2003,,287.03,,289.49,,289.49,,285.97,,-,,-0.64%,
,Jun 08 2003,,288.88,,287.05,,288.88,,287.05,,-,,0.64%,
,Jun 01 2003,,287.03,,284.91,,287.03,,284.91,,-,,0.38%,
,May 25 2003,,285.95,,285.66,,286.23,,284.33,,-,,0.15%,
,May 18 2003,,285.51,,284.28,,285.51,,283.92,,-,,0.82%,
,May 11 2003,,283.18,,282.38,,283.18,,282.00,,-,,0.47%,
,May 04 2003,,281.85,,279.53,,281.85,,279.53,,-,,0.63%,
,Apr 27 2003,,280.08,,279.37,,280.08,,278.73,,-,,0.34%,
,Apr 20 2003,,279.12,,278.28,,279.12,,278.08,,-,,0.44%,
,Apr 13 2003,,277.90,,276.88,,277.90,,276.61,,-,,0.19%,
,Apr 06 2003,,277.38,,276.47,,278.27,,276.47,,-,,-0.08%,
,Mar 30 2003,,277.61,,278.71,,279.40,,277.07,,-,,-0.02%,
,Mar 23 2003,,277.66,,276.31,,277.66,,276.31,,-,,0.60%,
,Mar 16 2003,,276.00,,278.86,,278.86,,276.00,,-,,-0.91%,
,Mar 09 2003,,278.53,,281.56,,281.56,,278.53,,-,,-0.90%,
,Mar 02 2003,,281.07,,280.09,,281.07,,280.09,,-,,0.55%,
,Feb 23 2003,,279.54,,280.05,,280.55,,279.54,,-,,-0.08%,
,Feb 16 2003,,279.76,,278.54,,279.76,,278.54,,-,,0.34%,
,Feb 09 2003,,278.80,,277.79,,279.04,,277.16,,-,,0.54%,
,Feb 02 2003,,277.30,,276.25,,277.35,,276.25,,-,,0.16%,
,Jan 26 2003,,276.85,,276.94,,276.96,,276.16,,-,,0.14%,
,Jan 19 2003,,276.45,,275.23,,276.45,,275.23,,-,,0.60%,
,Jan 12 2003,,274.81,,273.25,,274.81,,273.25,,-,,0.40%,
,Jan 05 2003,,273.72,,272.40,,274.14,,272.40,,-,,0.44%,
,Dec 29 2002,,272.51,,273.54,,273.58,,272.51,,-,,-0.28%,
,Dec 22 2002,,273.28,,272.69,,273.28,,272.69,,-,,0.28%,
,Dec 15 2002,,272.53,,271.63,,272.53,,271.63,,-,,0.34%,
,Dec 08 2002,,271.62,,269.75,,271.62,,269.75,,-,,0.93%,
,Dec 01 2002,,269.13,,267.92,,269.13,,267.92,,-,,0.38%,
,Nov 24 2002,,268.10,,267.53,,268.58,,267.53,,-,,-0.11%,
,Nov 17 2002,,268.39,,267.92,,268.74,,267.92,,-,,-0.01%,
,Nov 10 2002,,268.41,,268.47,,268.90,,268.41,,-,,0.21%,
,Nov 03 2002,,267.85,,267.06,,267.85,,265.93,,-,,-0.03%,
,Oct 27 2002,,267.93,,266.46,,267.93,,266.46,,-,,0.90%,
,Oct 20 2002,,265.53,,265.78,,265.78,,265.16,,-,,-0.04%,
,Oct 13 2002,,265.64,,267.19,,267.19,,264.58,,-,,-0.78%,
,Oct 06 2002,,267.73,,268.72,,269.10,,267.73,,-,,-0.15%,
,Sep 29 2002,,268.14,,268.26,,268.59,,267.56,,-,,0.16%,
,Sep 22 2002,,267.71,,267.56,,268.05,,267.44,,-,,0.22%,
,Sep 15 2002,,267.13,,266.21,,267.39,,266.16,,-,,0.38%,
,Sep 08 2002,,266.13,,265.57,,266.13,,264.83,,-,,-0.15%,
,Sep 01 2002,,266.52,,264.32,,266.52,,264.32,,-,,1.08%,
,Aug 25 2002,,263.68,,261.76,,263.68,,261.76,,-,,0.69%,
,Aug 18 2002,,261.87,,262.21,,262.59,,261.60,,-,,-0.15%,
,Aug 11 2002,,262.26,,263.21,,264.06,,262.26,,-,,-0.17%,
,Aug 04 2002,,262.71,,263.01,,263.01,,262.22,,-,,0.43%,
,Jul 28 2002,,261.58,,260.03,,261.58,,259.55,,-,,0.38%,
,Jul 21 2002,,260.59,,259.03,,260.59,,258.80,,-,,0.79%,
,Jul 14 2002,,258.56,,258.00,,258.71,,257.66,,-,,0.47%,
,Jul 07 2002,,257.35,,256.05,,257.45,,255.97,,-,,0.59%,
,Jun 30 2002,,255.85,,256.37,,256.68,,255.85,,-,,-0.25%,
,Jun 23 2002,,256.50,,256.05,,256.83,,255.97,,-,,0.32%,
,Jun 16 2002,,255.69,,255.28,,256.04,,255.28,,-,,0.13%,
,Jun 09 2002,,255.37,,253.38,,255.37,,253.38,,-,,0.65%,
,Jun 02 2002,,253.71,,252.52,,253.71,,252.52,,-,,0.18%,
,May 26 2002,,253.25,,252.14,,253.25,,251.93,,-,,0.33%,
,May 19 2002,,252.42,,251.17,,252.42,,251.17,,-,,0.65%,
,May 12 2002,,250.78,,251.47,,251.47,,250.66,,-,,-0.38%,
,May 05 2002,,251.73,,252.23,,252.78,,251.51,,-,,0.03%,
,Apr 28 2002,,251.65,,252.24,,252.26,,251.65,,-,,-0.14%,
,Apr 21 2002,,252.01,,251.08,,252.12,,251.08,,-,,0.41%,
,Apr 14 2002,,250.99,,251.33,,251.33,,250.49,,-,,0.03%,
,Apr 07 2002,,250.91,,250.82,,250.91,,250.27,,-,,0.18%,
,Mar 31 2002,,250.46,,248.99,,250.46,,248.99,,-,,0.29%,
,Mar 24 2002,,249.73,,248.49,,249.73,,248.49,,-,,0.31%,
,Mar 17 2002,,248.95,,248.93,,249.46,,248.84,,-,,0.00%,
,Mar 10 2002,,248.94,,249.59,,249.69,,248.94,,-,,-0.23%,
,Mar 03 2002,,249.52,,250.99,,251.07,,249.52,,-,,-0.94%,
,Feb 24 2002,,251.89,,252.09,,252.09,,251.22,,-,,-0.05%,
,Feb 17 2002,,252.01,,251.81,,252.12,,251.38,,-,,0.25%,
,Feb 10 2002,,251.37,,251.63,,251.70,,250.74,,-,,-0.00%,
,Feb 03 2002,,251.38,,251.99,,252.62,,251.38,,-,,0.13%,
,Jan 27 2002,,251.05,,250.70,,251.18,,250.66,,-,,-0.20%,
,Jan 20 2002,,251.55,,252.46,,252.46,,251.55,,-,,-0.41%,
,Jan 13 2002,,252.59,,252.75,,252.88,,252.59,,-,,0.31%,
,Jan 06 2002,,251.80,,250.76,,252.00,,250.76,,-,,0.32%,
,Dec 30 2001,,251.00,,251.30,,251.30,,250.92,,-,,0.04%,
,Dec 23 2001,,250.91,,250.86,,250.91,,250.86,,-,,-0.49%,
,Dec 16 2001,,252.15,,251.42,,252.50,,251.42,,-,,0.08%,
,Dec 09 2001,,251.96,,251.42,,252.84,,251.42,,-,,0.11%,
,Dec 02 2001,,251.69,,254.45,,254.45,,251.69,,-,,-0.84%,
,Nov 25 2001,,253.82,,253.33,,253.82,,252.60,,-,,0.13%,
,Nov 18 2001,,253.48,,253.48,,254.31,,252.86,,-,,-0.16%,
,Nov 11 2001,,253.88,,256.43,,256.43,,253.88,,-,,-1.20%,
,Nov 04 2001,,256.96,,256.51,,257.77,,256.51,,-,,0.23%,
,Oct 28 2001,,256.36,,254.57,,256.38,,254.57,,-,,0.87%,
,Oct 21 2001,,254.16,,252.79,,254.16,,252.79,,-,,0.50%,
,Oct 14 2001,,252.90,,251.88,,252.90,,251.88,,-,,0.56%,
,Oct 07 2001,,251.50,,252.34,,252.34,,251.50,,-,,-0.20%,
,Sep 30 2001,,252.00,,250.42,,252.00,,250.42,,-,,0.52%,
,Sep 23 2001,,250.70,,249.21,,250.70,,249.21,,-,,0.41%,
,Sep 16 2001,,249.67,,249.77,,250.03,,249.49,,-,,0.06%,
,Sep 09 2001,,249.52,,248.30,,249.52,,247.57,,-,,0.77%,
,Sep 02 2001,,247.62,,248.30,,248.30,,246.81,,-,,-0.29%,
,Aug 26 2001,,248.33,,246.66,,248.33,,246.66,,-,,0.62%,
,Aug 19 2001,,246.80,,247.63,,247.63,,246.80,,-,,-0.23%,
,Aug 12 2001,,247.36,,246.79,,247.36,,246.75,,-,,0.32%,
,Aug 05 2001,,246.57,,245.71,,246.57,,245.58,,-,,0.52%,
,Jul 29 2001,,245.29,,245.13,,245.50,,245.13,,-,,0.18%,
,Jul 22 2001,,244.84,,244.37,,244.84,,244.20,,-,,0.25%,
,Jul 15 2001,,244.24,,243.11,,244.24,,243.11,,-,,0.48%,
,Jul 08 2001,,243.07,,242.44,,243.07,,242.30,,-,,0.38%,
,Jul 01 2001,,242.16,,242.59,,242.66,,242.06,,-,,-0.23%,
,Jun 24 2001,,242.72,,243.83,,243.89,,242.72,,-,,-0.36%,
,Jun 17 2001,,243.59,,242.62,,243.59,,242.62,,-,,0.50%,
,Jun 10 2001,,242.39,,242.00,,242.39,,241.35,,-,,0.29%,
,Jun 03 2001,,241.69,,241.37,,241.93,,241.36,,-,,0.37%,
,May 27 2001,,240.81,,240.07,,240.81,,240.07,,-,,0.37%,
,May 20 2001,,239.93,,240.49,,240.74,,239.88,,-,,-0.40%,
,May 13 2001,,240.90,,240.47,,240.90,,240.47,,-,,-0.37%,
,May 06 2001,,241.80,,240.94,,241.80,,240.94,,-,,0.51%,
,Apr 29 2001,,240.58,,239.85,,240.58,,239.62,,-,,-0.22%,
,Apr 22 2001,,241.10,,240.72,,241.10,,240.15,,-,,0.32%,
,Apr 15 2001,,240.34,,241.09,,241.09,,240.34,,-,,-0.36%,
,Apr 08 2001,,241.21,,242.89,,242.91,,241.21,,-,,-0.50%,
,Apr 01 2001,,242.43,,242.91,,242.91,,242.27,,-,,-0.02%,
,Mar 25 2001,,242.49,,243.11,,243.37,,242.49,,-,,-0.28%,
,Mar 18 2001,,243.18,,242.21,,243.18,,242.10,,-,,0.39%,
,Mar 11 2001,,242.23,,241.14,,242.23,,241.12,,-,,0.35%,
,Mar 04 2001,,241.39,,240.73,,241.39,,240.56,,-,,0.25%,
,Feb 25 2001,,240.78,,239.60,,240.95,,239.60,,-,,0.75%,
,Feb 18 2001,,238.99,,239.54,,239.54,,238.92,,-,,-0.13%,
,Feb 11 2001,,239.30,,240.04,,240.15,,239.30,,-,,-0.16%,
,Feb 04 2001,,239.69,,239.77,,239.90,,239.69,,-,,-0.03%,
,Jan 28 2001,,239.77,,238.60,,239.77,,238.60,,-,,0.47%,
,Jan 21 2001,,238.64,,238.35,,238.64,,238.16,,-,,-0.13%,
,Jan 14 2001,,238.94,,238.52,,238.94,,238.22,,-,,-0.02%,
,Jan 07 2001,,238.99,,239.69,,239.69,,238.99,,-,,-0.41%,
,Dec 31 2000,,239.97,,238.55,,239.97,,238.55,,-,,1.02%,
,Dec 24 2000,,237.55,,237.56,,237.56,,237.22,,-,,0.05%,
,Dec 17 2000,,237.44,,236.94,,237.62,,236.94,,-,,0.36%,
,Dec 10 2000,,236.60,,235.27,,236.60,,235.27,,-,,0.43%,
,Dec 03 2000,,235.59,,235.35,,235.74,,234.93,,-,,0.35%,
,Nov 26 2000,,234.77,,232.83,,234.77,,232.83,,-,,0.73%,
,Nov 19 2000,,233.06,,232.36,,233.06,,232.36,,-,,0.25%,
,Nov 12 2000,,232.48,,231.81,,232.54,,231.81,,-,,0.43%,
,Nov 05 2000,,231.48,,231.29,,231.48,,230.91,,-,,0.01%,
,Oct 29 2000,,231.45,,231.06,,231.45,,230.78,,-,,0.24%,
,Oct 22 2000,,230.89,,230.94,,230.94,,230.65,,-,,0.02%,
,Oct 15 2000,,230.85,,230.74,,230.85,,230.70,,-,,-0.21%,
,Oct 08 2000,,231.33,,230.20,,231.33,,230.20,,-,,0.62%,
,Oct 01 2000,,229.91,,229.87,,229.91,,229.71,,-,,0.11%,
,Sep 24 2000,,229.65,,229.47,,229.65,,229.35,,-,,-0.03%,
,Sep 17 2000,,229.73,,228.42,,229.73,,228.42,,-,,0.38%,
,Sep 10 2000,,228.86,,227.92,,228.86,,227.92,,-,,0.27%,
,Sep 03 2000,,228.24,,228.93,,228.93,,227.96,,-,,0.14%,
,Aug 27 2000,,227.92,,227.81,,227.92,,227.36,,-,,0.02%,
,Aug 20 2000,,227.87,,227.33,,228.02,,227.33,,-,,0.00%,
,Aug 13 2000,,227.86,,228.21,,228.21,,227.63,,-,,-0.31%,
,Aug 06 2000,,228.58,,228.63,,228.63,,228.58,,-,,0.24%,
,Jul 30 2000,,228.03,,228.03,,228.03,,228.03,,-,,0.27%,
,Jul 23 2000,,227.41,,227.41,,227.41,,227.41,,-,,0.26%,
,Jul 16 2000,,226.82,,226.82,,226.82,,226.82,,-,,0.02%,
,Jul 09 2000,,226.77,,226.77,,226.77,,226.77,,-,,0.12%,
,Jul 02 2000,,226.49,,226.49,,226.49,,226.49,,-,,-0.37%,
,Jun 25 2000,,227.33,,227.33,,227.33,,227.33,,-,,0.45%,
,Jun 18 2000,,226.32,,226.32,,226.32,,226.32,,-,,-0.59%,
,Jun 11 2000,,227.66,,227.66,,227.66,,227.66,,-,,0.47%,
,Jun 04 2000,,226.60,,226.60,,226.60,,226.60,,-,,-0.04%,
,May 28 2000,,226.69,,226.69,,226.69,,226.69,,-,,0.50%,
,May 21 2000,,225.57,,225.57,,225.57,,225.57,,-,,1.03%,
,May 14 2000,,223.28,,223.28,,223.28,,223.28,,-,,-0.25%,
,May 07 2000,,223.84,,223.84,,223.84,,223.84,,-,,0.02%,
,Apr 30 2000,,223.80,,223.80,,223.80,,223.80,,-,,-0.57%,
,Apr 23 2000,,225.09,,225.09,,225.09,,225.09,,-,,-0.18%,
,Apr 16 2000,,225.50,,225.50,,225.50,,225.50,,-,,-0.26%,
,Apr 09 2000,,226.09,,226.09,,226.09,,226.09,,-,,0.17%,
,Apr 02 2000,,225.71,,225.71,,225.71,,225.71,,-,,0.12%,
,Mar 26 2000,,225.43,,225.43,,225.43,,225.43,,-,,0.06%,
,Mar 19 2000,,225.30,,225.30,,225.30,,225.30,,-,,0.32%,
,Mar 12 2000,,224.58,,224.58,,224.58,,224.58,,-,,0.26%,
,Mar 05 2000,,223.99,,223.99,,223.99,,223.99,,-,,0.77%,
,Feb 27 2000,,222.27,,222.27,,222.27,,222.27,,-,,-0.41%,
,Feb 20 2000,,223.18,,223.18,,223.18,,223.18,,-,,0.95%,
,Feb 13 2000,,221.09,,221.09,,221.09,,221.09,,-,,0.17%,
,Feb 06 2000,,220.71,,220.71,,220.71,,220.71,,-,,-0.77%,
,Jan 30 2000,,222.42,,222.42,,222.42,,222.42,,-,,0.92%,
,Jan 23 2000,,220.39,,220.39,,220.39,,220.39,,-,,-0.22%,
,Jan 16 2000,,220.87,,220.87,,220.87,,220.87,,-,,-0.25%,
,Jan 09 2000,,221.43,,221.43,,221.43,,221.43,,-,,0.08%,
,Jan 02 2000,,221.25,,221.25,,221.25,,221.25,,-,,-0.48%,
,Dec 26 1999,,222.31,,222.31,,222.31,,222.31,,-,,-0.32%,
,Dec 19 1999,,223.03,,223.03,,223.03,,223.03,,-,,0.15%,
,Dec 12 1999,,222.69,,222.69,,222.69,,222.69,,-,,-0.89%,
,Dec 05 1999,,224.70,,224.70,,224.70,,224.70,,-,,0.97%,
,Nov 28 1999,,222.55,,222.55,,222.55,,222.55,,-,,0.16%,
,Nov 21 1999,,222.20,,222.20,,222.20,,222.20,,-,,-0.80%,
,Nov 14 1999,,224.00,,224.00,,224.00,,224.00,,-,,-0.42%,
,Nov 07 1999,,224.95,,224.95,,224.95,,224.95,,-,,0.59%,
,Oct 31 1999,,223.63,,223.63,,223.63,,223.63,,-,,0.92%,
,Oct 24 1999,,221.59,,221.59,,221.59,,221.59,,-,,0.81%,
,Oct 17 1999,,219.81,,219.81,,219.81,,219.81,,-,,0.35%,
,Oct 10 1999,,219.05,,219.05,,219.05,,219.05,,-,,-1.03%,
,Oct 03 1999,,221.32,,221.32,,221.32,,221.32,,-,,-0.22%,
,Sep 26 1999,,221.80,,221.80,,221.80,,221.80,,-,,-0.78%,
,Sep 19 1999,,223.54,,223.54,,223.54,,223.54,,-,,0.42%,
,Sep 12 1999,,222.61,,222.61,,222.61,,222.61,,-,,0.24%,
,Sep 05 1999,,222.08,,222.08,,222.08,,222.08,,-,,-0.21%,
,Aug 29 1999,,222.54,,222.54,,222.54,,222.54,,-,,-0.83%,
,Aug 22 1999,,224.41,,224.41,,224.41,,224.41,,-,,0.19%,
,Aug 15 1999,,223.98,,223.98,,223.98,,223.98,,-,,0.73%,
,Aug 08 1999,,222.36,,222.36,,222.36,,222.36,,-,,0.18%,
,Aug 01 1999,,221.97,,221.97,,221.97,,221.97,,-,,-0.88%,
,Jul 25 1999,,223.94,,223.94,,223.94,,223.94,,-,,-0.41%,
,Jul 18 1999,,224.86,,224.86,,224.86,,224.86,,-,,0.66%,
,Jul 11 1999,,223.38,,223.38,,223.38,,223.38,,-,,-0.17%,
,Jul 04 1999,,223.77,,223.77,,223.77,,223.77,,-,,-0.51%,
,Jun 27 1999,,224.91,,224.91,,224.91,,224.91,,-,,-0.03%,
,Jun 20 1999,,224.97,,224.97,,224.97,,224.97,,-,,-1.53%,
,Jun 13 1999,,228.46,,228.46,,228.46,,228.46,,-,,0.53%,
,Jun 06 1999,,227.26,,227.26,,227.26,,227.26,,-,,-0.35%,
,May 30 1999,,228.06,,228.06,,228.06,,228.06,,-,,-0.83%,
,May 23 1999,,229.98,,229.98,,229.98,,229.98,,-,,-0.03%,
,May 16 1999,,230.05,,230.05,,230.05,,230.05,,-,,-0.36%,
,May 09 1999,,230.87,,230.87,,230.87,,230.87,,-,,0.21%,
,May 02 1999,,230.39,,230.39,,230.39,,230.39,,-,,-0.56%,
,Apr 25 1999,,231.69,,231.69,,231.69,,231.69,,-,,0.29%,
,Apr 18 1999,,231.01,,231.01,,231.01,,231.01,,-,,0.29%,
,Apr 11 1999,,230.35,,230.35,,230.35,,230.35,,-,,-0.19%,
,Apr 04 1999,,230.80,,230.80,,230.80,,230.80,,-,,0.77%,
,Mar 28 1999,,229.03,,229.03,,229.03,,229.03,,-,,0.32%,
,Mar 21 1999,,228.31,,228.31,,228.31,,228.31,,-,,-0.21%,
,Mar 14 1999,,228.79,,228.79,,228.79,,228.79,,-,,0.43%,
,Mar 07 1999,,227.80,,227.80,,227.80,,227.80,,-,,0.75%,
,Feb 28 1999,,226.10,,226.10,,226.10,,226.10,,-,,-0.39%,
,Feb 21 1999,,226.98,,226.98,,226.98,,226.98,,-,,-0.43%,
,Feb 14 1999,,227.96,,227.96,,227.96,,227.96,,-,,-0.45%,
,Feb 07 1999,,228.98,,228.98,,228.98,,228.98,,-,,0.14%,
,Jan 31 1999,,228.67,,228.67,,228.67,,228.67,,-,,-0.56%,
,Jan 24 1999,,229.95,,229.95,,229.95,,229.95,,-,,0.10%,
,Jan 17 1999,,229.73,,229.73,,229.73,,229.73,,-,,0.13%,
,Jan 10 1999,,229.43,,229.43,,229.43,,229.43,,-,,0.49%,
,Jan 03 1999,,228.31,,228.31,,228.31,,228.31,,-,,0.70%,
,Dec 27 1998,,226.72,,226.72,,226.72,,226.72,,-,,0.24%,
,Dec 20 1998,,226.17,,226.17,,226.17,,226.17,,-,,-0.24%,
,Dec 13 1998,,226.71,,226.71,,226.71,,226.71,,-,,-0.22%,
,Dec 06 1998,,227.21,,227.21,,227.21,,227.21,,-,,0.61%,
,Nov 29 1998,,225.84,,225.84,,225.84,,225.84,,-,,0.50%,
,Nov 22 1998,,224.71,,224.71,,224.71,,224.71,,-,,0.45%,
,Nov 15 1998,,223.71,,223.71,,223.71,,223.71,,-,,0.62%,
,Nov 08 1998,,222.33,,222.33,,222.33,,222.33,,-,,0.15%,
,Nov 01 1998,,221.99,,221.99,,221.99,,221.99,,-,,-0.24%,
,Oct 25 1998,,222.53,,222.53,,222.53,,222.53,,-,,0.09%,
,Oct 18 1998,,222.33,,222.33,,222.33,,222.33,,-,,-0.11%,
,Oct 11 1998,,222.57,,222.57,,222.57,,222.57,,-,,0.98%,
,Oct 04 1998,,220.42,,220.42,,220.42,,220.42,,-,,-1.74%,
,Sep 27 1998,,224.33,,224.33,,224.33,,224.33,,-,,0.74%,
,Sep 20 1998,,222.69,,222.69,,222.69,,222.69,,-,,0.26%,
,Sep 13 1998,,222.12,,222.12,,222.12,,222.12,,-,,-0.19%,
,Sep 06 1998,,222.54,,222.54,,222.54,,222.54,,-,,1.26%,
,Aug 30 1998,,219.78,,219.78,,219.78,,219.78,,-,,-0.32%,
,Aug 23 1998,,220.49,,220.49,,220.49,,220.49,,-,,0.83%,
,Aug 16 1998,,218.68,,218.68,,218.68,,218.68,,-,,0.98%,
,Aug 09 1998,,216.55,,216.55,,216.55,,216.55,,-,,0.42%,
,Aug 02 1998,,215.65,,215.65,,215.65,,215.65,,-,,0.40%,
,Jul 26 1998,,214.80,,214.80,,214.80,,214.80,,-,,0.19%,
,Jul 19 1998,,214.39,,214.39,,214.39,,214.39,,-,,0.17%,
,Jul 12 1998,,214.03,,214.03,,214.03,,214.03,,-,,-0.05%,
,Jul 05 1998,,214.13,,214.13,,214.13,,214.13,,-,,0.30%,
,Jun 28 1998,,213.50,,213.50,,213.50,,213.50,,-,,0.22%,
,Jun 21 1998,,213.03,,213.03,,213.03,,213.03,,-,,0.36%,
,Jun 14 1998,,212.27,,212.27,,212.27,,212.27,,-,,-0.13%,
,Jun 07 1998,,212.54,,212.54,,212.54,,212.54,,-,,0.52%,
,May 31 1998,,211.44,,211.44,,211.44,,211.44,,-,,0.03%,
,May 24 1998,,211.38,,211.38,,211.38,,211.38,,-,,0.38%,
,May 17 1998,,210.58,,210.58,,210.58,,210.58,,-,,0.39%,
,May 10 1998,,209.76,,209.76,,209.76,,209.76,,-,,-0.00%,
,May 03 1998,,209.77,,209.77,,209.77,,209.77,,-,,0.46%,
,Apr 26 1998,,208.80,,208.80,,208.80,,208.80,,-,,-0.45%,
,Apr 19 1998,,209.74,,209.74,,209.74,,209.74,,-,,-0.20%,
,Apr 12 1998,,210.15,,210.15,,210.15,,210.15,,-,,0.04%,
,Apr 05 1998,,210.06,,210.06,,210.06,,210.06,,-,,0.05%,
,Mar 29 1998,,209.95,,209.95,,209.95,,209.95,,-,,0.11%,
,Mar 22 1998,,209.72,,209.72,,209.72,,209.72,,-,,0.04%,
,Mar 15 1998,,209.63,,209.63,,209.63,,209.63,,-,,-0.06%,
,Mar 08 1998,,209.76,,209.76,,209.76,,209.76,,-,,0.72%,
,Mar 01 1998,,208.26,,208.26,,208.26,,208.26,,-,,-0.34%,
,Feb 22 1998,,208.97,,208.97,,208.97,,208.97,,-,,0.23%,
,Feb 15 1998,,208.50,,208.50,,208.50,,208.50,,-,,0.10%,
,Feb 08 1998,,208.29,,208.29,,208.29,,208.29,,-,,0.71%,
,Feb 01 1998,,206.83,,206.83,,206.83,,206.83,,-,,-0.18%,
,Jan 25 1998,,207.20,,207.20,,207.20,,207.20,,-,,0.50%,
,Jan 18 1998,,206.17,,206.17,,206.17,,206.17,,-,,-0.12%,
,Jan 11 1998,,206.42,,206.42,,206.42,,206.42,,-,,0.15%,
,Jan 04 1998,,206.11,,206.11,,206.11,,206.11,,-,,1.35%,
,Dec 28 1997,,203.37,,203.37,,203.37,,203.37,,-,,-0.48%,
,Dec 21 1997,,204.36,,204.36,,204.36,,204.36,,-,,0.29%,
,Dec 14 1997,,203.77,,203.77,,203.77,,203.77,,-,,0.41%,
,Dec 07 1997,,202.93,,202.93,,202.93,,202.93,,-,,0.51%,
,Nov 30 1997,,201.90,,201.90,,201.90,,201.90,,-,,0.34%,
,Nov 23 1997,,201.22,,201.22,,201.22,,201.22,,-,,0.28%,
,Nov 16 1997,,200.65,,200.65,,200.65,,200.65,,-,,0.33%,
,Nov 09 1997,,199.99,,199.99,,199.99,,199.99,,-,,0.11%,
,Nov 02 1997,,199.77,,199.77,,199.77,,199.77,,-,,0.05%,
,Oct 26 1997,,199.67,,199.67,,199.67,,199.67,,-,,0.69%,
,Oct 19 1997,,198.30,,198.30,,198.30,,198.30,,-,,0.08%,
,Oct 12 1997,,198.15,,198.15,,198.15,,198.15,,-,,-0.34%,
,Oct 05 1997,,198.82,,198.82,,198.82,,198.82,,-,,-0.85%,
,Sep 28 1997,,200.53,,200.53,,200.53,,200.53,,-,,0.28%,
,Sep 21 1997,,199.97,,199.97,,199.97,,199.97,,-,,-0.01%,
,Sep 14 1997,,200.00,,200.00,,200.00,,200.00,,-,,0.38%,
,Sep 07 1997,,199.24,,199.24,,199.24,,199.24,,-,,0.24%,
,Aug 31 1997,,198.76,,198.76,,198.76,,198.76,,-,,0.05%,
,Aug 24 1997,,198.66,,198.66,,198.66,,198.66,,-,,0.14%,
,Aug 17 1997,,198.39,,198.39,,198.39,,198.39,,-,,0.06%,
,Aug 10 1997,,198.28,,198.28,,198.28,,198.28,,-,,0.15%,
,Aug 03 1997,,197.98,,197.98,,197.98,,197.98,,-,,-0.54%,
,Jul 27 1997,,199.05,,199.05,,199.05,,199.05,,-,,0.11%,
,Jul 20 1997,,198.83,,198.83,,198.83,,198.83,,-,,-0.19%,
,Jul 13 1997,,199.20,,199.20,,199.20,,199.20,,-,,-0.05%,
,Jul 06 1997,,199.29,,199.29,,199.29,,199.29,,-,,0.25%,
,Jun 29 1997,,198.79,,198.79,,198.79,,198.79,,-,,0.34%,
,Jun 22 1997,,198.11,,198.11,,198.11,,198.11,,-,,0.46%,
,Jun 15 1997,,197.20,,197.20,,197.20,,197.20,,-,,-0.02%,
,Jun 08 1997,,197.24,,197.24,,197.24,,197.24,,-,,0.46%,
,Jun 01 1997,,196.33,,196.33,,196.33,,196.33,,-,,0.68%,
,May 25 1997,,195.01,,195.01,,195.01,,195.01,,-,,-0.05%,
,May 18 1997,,195.10,,195.10,,195.10,,195.10,,-,,-0.75%,
,May 11 1997,,196.57,,196.57,,196.57,,196.57,,-,,0.28%,
,May 04 1997,,196.02,,196.02,,196.02,,196.02,,-,,0.34%,
,Apr 27 1997,,195.36,,195.36,,195.36,,195.36,,-,,0.62%,
,Apr 20 1997,,194.16,,194.16,,194.16,,194.16,,-,,-0.18%,
,Apr 13 1997,,194.51,,194.51,,194.51,,194.51,,-,,0.38%,
,Apr 06 1997,,193.78,,193.78,,193.78,,193.78,,-,,0.57%,
,Mar 30 1997,,192.69,,192.69,,192.69,,192.69,,-,,-0.34%,
,Mar 23 1997,,193.35,,193.35,,193.35,,193.35,,-,,0.26%,
,Mar 16 1997,,192.85,,192.85,,192.85,,192.85,,-,,-0.51%,
,Mar 09 1997,,193.83,,193.83,,193.83,,193.83,,-,,-0.11%,
,Mar 02 1997,,194.05,,194.05,,194.05,,194.05,,-,,-0.71%,
,Feb 23 1997,,195.44,,195.44,,195.44,,195.44,,-,,0.24%,
,Feb 16 1997,,194.97,,194.97,,194.97,,194.97,,-,,-0.08%,
,Feb 09 1997,,195.13,,195.13,,195.13,,195.13,,-,,0.77%,
,Feb 02 1997,,193.63,,193.63,,193.63,,193.63,,-,,0.41%,
,Jan 26 1997,,192.84,,192.84,,192.84,,192.84,,-,,0.17%,
,Jan 19 1997,,192.51,,192.51,,192.51,,192.51,,-,,-0.13%,
,Jan 12 1997,,192.77,,192.77,,192.77,,192.77,,-,,0.71%,
,Jan 05 1997,,191.41,,191.41,,191.41,,191.41,,-,,0.77%,
,Dec 29 1996,,189.94,,189.94,,189.94,,189.94,,-,,-0.53%,
,Dec 22 1996,,190.96,,190.96,,190.96,,190.96,,-,,0.12%,
,Dec 15 1996,,190.74,,190.74,,190.74,,190.74,,-,,0.76%,
,Dec 08 1996,,189.31,,189.31,,189.31,,189.31,,-,,-0.15%,
,Dec 01 1996,,189.59,,189.59,,189.59,,189.59,,-,,-0.65%,
,Nov 24 1996,,190.83,,190.83,,190.83,,190.83,,-,,0.88%,
,Nov 17 1996,,189.16,,189.16,,189.16,,189.16,,-,,-0.12%,
,Nov 10 1996,,189.38,,188.96,,188.96,,188.50,,-,,0.36%,
,Nov 03 1996,,188.70,,188.70,,188.70,,188.70,,-,,0.46%,
,Oct 27 1996,,187.84,,187.84,,187.84,,187.84,,-,,0.20%,
,Oct 20 1996,,187.46,,187.46,,187.46,,187.46,,-,,-0.20%,
,Oct 13 1996,,187.83,,187.83,,187.83,,187.83,,-,,0.12%,
,Oct 06 1996,,187.60,,187.60,,187.60,,187.60,,-,,0.39%,
,Sep 29 1996,,186.88,,186.88,,186.88,,186.88,,-,,0.25%,
,Sep 22 1996,,186.41,,186.41,,186.41,,186.41,,-,,0.50%,
,Sep 15 1996,,185.49,,185.49,,185.49,,185.49,,-,,0.49%,
,Sep 08 1996,,184.59,,184.59,,184.59,,184.59,,-,,0.66%,
,Sep 01 1996,,183.38,,183.38,,183.38,,183.38,,-,,0.09%,
,Aug 25 1996,,183.21,,183.21,,183.21,,183.21,,-,,0.00%,
,Aug 18 1996,,183.21,,183.21,,183.21,,183.21,,-,,-0.16%,
,Aug 11 1996,,183.50,,183.50,,183.50,,183.50,,-,,0.36%,
,Aug 04 1996,,182.85,,182.85,,182.85,,182.85,,-,,0.37%,
,Jul 28 1996,,182.17,,182.17,,182.17,,182.17,,-,,0.24%,
,Jul 21 1996,,181.73,,181.73,,181.73,,181.73,,-,,0.22%,
,Jul 14 1996,,181.33,,181.33,,181.33,,181.33,,-,,0.74%,
,Jul 07 1996,,180.00,,180.00,,180.00,,180.00,,-,,0.30%,
,Jun 30 1996,,179.46,,179.46,,179.46,,179.46,,-,,0.05%,
,Jun 23 1996,,179.37,,179.37,,179.37,,179.37,,-,,0.26%,
,Jun 16 1996,,178.90,,178.90,,178.90,,178.90,,-,,-0.03%,
,Jun 09 1996,,178.96,,178.96,,178.96,,178.96,,-,,-0.85%,
,Jun 02 1996,,180.49,,180.49,,180.49,,180.49,,-,,0.24%,
,May 26 1996,,180.06,,180.06,,180.06,,180.06,,-,,-0.03%,
,May 19 1996,,180.12,,180.12,,180.12,,180.12,,-,,0.16%,
,May 12 1996,,179.83,,179.83,,179.83,,179.83,,-,,0.36%,
,May 05 1996,,179.18,,179.18,,179.18,,179.18,,-,,0.38%,
,Apr 28 1996,,178.50,,178.50,,178.50,,178.50,,-,,-0.84%,
,Apr 21 1996,,180.01,,180.01,,180.01,,180.01,,-,,0.41%,
,Apr 14 1996,,179.27,,179.27,,179.27,,179.27,,-,,0.76%,
,Apr 07 1996,,177.92,,177.92,,177.92,,177.92,,-,,-0.38%,
,Mar 31 1996,,178.60,,178.60,,178.60,,178.60,,-,,0.48%,
,Mar 24 1996,,177.75,,177.75,,177.75,,177.75,,-,,0.14%,
,Mar 17 1996,,177.51,,177.51,,177.51,,177.51,,-,,0.44%,
,Mar 10 1996,,176.74,,176.74,,176.74,,176.74,,-,,-0.67%,
,Mar 03 1996,,177.93,,177.93,,177.93,,177.93,,-,,0.17%,
,Feb 25 1996,,177.63,,177.63,,177.63,,177.63,,-,,0.05%,
,Feb 18 1996,,177.54,,177.54,,177.54,,177.54,,-,,-0.45%,
,Feb 11 1996,,178.34,,178.34,,178.34,,178.34,,-,,0.20%,
,Feb 04 1996,,177.98,,177.98,,177.98,,177.98,,-,,-0.84%,
,Jan 28 1996,,179.49,,179.93,,179.93,,179.93,,-,,-0.27%,
,Jan 21 1996,,179.97,,179.97,,179.97,,179.97,,-,,-0.39%,
,Jan 14 1996,,180.67,,180.67,,180.67,,180.67,,-,,0.50%,
,Jan 07 1996,,179.77,,179.77,,179.77,,179.77,,-,,0.59%,
,Dec 31 1995,,178.71,,178.71,,178.71,,178.71,,-,,0.49%,
,Dec 24 1995,,177.84,,177.84,,177.84,,177.84,,-,,0.41%,
,Dec 17 1995,,177.11,,177.11,,177.11,,177.11,,-,,-0.24%,
,Dec 10 1995,,177.53,,177.53,,177.53,,177.53,,-,,0.75%,
,Dec 03 1995,,176.21,,176.21,,176.21,,176.21,,-,,-0.06%,
,Nov 26 1995,,176.31,,176.31,,176.31,,176.31,,-,,0.72%,
,Nov 19 1995,,175.05,,175.05,,175.05,,175.05,,-,,0.49%,
,Nov 12 1995,,174.20,,174.20,,174.20,,174.20,,-,,0.28%,
,Nov 05 1995,,173.71,,173.71,,173.71,,173.71,,-,,0.43%,
,Oct 29 1995,,172.97,,172.97,,172.97,,172.97,,-,,0.65%,
,Oct 22 1995,,171.86,,171.86,,171.86,,171.86,,-,,0.11%,
,Oct 15 1995,,171.67,,171.67,,171.67,,171.67,,-,,0.39%,
,Oct 08 1995,,171.00,,171.00,,171.00,,171.00,,-,,0.19%,
,Oct 01 1995,,170.67,,170.67,,170.67,,170.67,,-,,0.52%,
,Sep 24 1995,,169.78,,170.35,,170.35,,170.35,,-,,-0.61%,
,Sep 17 1995,,170.83,,170.83,,170.83,,170.83,,-,,0.12%,
,Sep 10 1995,,170.62,,170.62,,170.62,,170.62,,-,,0.74%,
,Sep 03 1995,,169.37,,169.37,,169.37,,169.37,,-,,0.67%,
,Aug 27 1995,,168.25,,168.25,,168.25,,168.25,,-,,0.10%,
,Aug 20 1995,,168.08,,168.08,,168.08,,168.08,,-,,0.67%,
,Aug 13 1995,,166.96,,166.96,,166.96,,166.96,,-,,-0.36%,
,Aug 06 1995,,167.56,,167.56,,167.56,,167.56,,-,,0.19%,
,Jul 30 1995,,167.24,,167.24,,167.24,,167.24,,-,,0.50%,
,Jul 23 1995,,166.40,,166.40,,166.40,,166.40,,-,,0.61%,
,Jul 16 1995,,165.39,,165.39,,165.39,,165.39,,-,,-0.35%,
,Jul 09 1995,,165.97,,165.97,,165.97,,165.97,,-,,0.07%,
,Jul 02 1995,,165.85,,165.85,,165.85,,165.85,,-,,1.21%,
,Jun 25 1995,,163.86,,163.86,,163.86,,163.86,,-,,-0.84%,
,Jun 18 1995,,165.25,,165.25,,165.25,,165.25,,-,,0.37%,
,Jun 11 1995,,164.64,,164.64,,164.64,,164.64,,-,,-0.54%,
,Jun 04 1995,,165.53,,165.53,,165.53,,165.53,,-,,-0.20%,
,May 28 1995,,165.87,,165.87,,165.87,,165.87,,-,,0.33%,
,May 21 1995,,165.33,,165.33,,165.33,,165.33,,-,,0.92%,
,May 14 1995,,163.82,,163.82,,163.82,,163.82,,-,,0.58%,
,May 07 1995,,162.87,,162.87,,162.87,,162.87,,-,,0.09%,
,Apr 30 1995,,162.72,,162.72,,162.72,,162.72,,-,,0.47%,
,Apr 23 1995,,161.96,,162.17,,161.96,,161.96,,-,,0.48%,
,Apr 16 1995,,161.18,,161.18,,161.18,,161.18,,-,,0.26%,
,Apr 09 1995,,160.76,,160.76,,160.76,,160.76,,-,,-0.04%,
,Apr 02 1995,,160.83,,160.83,,160.83,,160.83,,-,,0.58%,
,Mar 26 1995,,159.90,,159.90,,159.90,,159.90,,-,,0.40%,
,Mar 19 1995,,159.27,,159.27,,159.27,,159.27,,-,,0.43%,
,Mar 12 1995,,158.59,,158.59,,158.59,,158.59,,-,,1.05%,
,Mar 05 1995,,156.94,,156.94,,156.94,,156.94,,-,,0.17%,
,Feb 26 1995,,156.68,,156.68,,156.68,,156.68,,-,,0.31%,
,Feb 19 1995,,156.19,,156.19,,156.19,,156.19,,-,,0.31%,
,Feb 12 1995,,155.71,,155.71,,155.71,,155.71,,-,,-0.08%,
,Feb 05 1995,,155.84,,155.84,,155.84,,155.84,,-,,0.62%,
,Jan 29 1995,,154.88,,154.88,,154.88,,154.88,,-,,-0.04%,
,Jan 22 1995,,154.94,,154.94,,154.94,,154.94,,-,,0.68%,
,Jan 15 1995,,153.90,,153.90,,153.90,,153.90,,-,,0.15%,
,Jan 08 1995,,153.67,,153.67,,153.67,,153.67,,-,,0.94%,
,Jan 01 1995,,152.24,,152.24,,152.24,,152.24,,-,,-0.10%,
,Dec 25 1994,,152.40,,152.40,,152.40,,152.40,,-,,-0.50%,
,Dec 18 1994,,153.17,,153.17,,153.17,,153.17,,-,,0.04%,
,Dec 11 1994,,153.11,,153.11,,153.11,,153.11,,-,,-0.20%,
,Dec 04 1994,,153.42,,153.42,,153.42,,153.42,,-,,-0.29%,
,Nov 27 1994,,153.86,,153.86,,153.86,,153.86,,-,,0.04%,
,Nov 20 1994,,153.80,,153.80,,153.80,,153.80,,-,,0.99%,
,Nov 13 1994,,152.29,,152.29,,152.29,,152.29,,-,,-0.05%,
,Nov 06 1994,,152.36,,152.36,,152.36,,152.36,,-,,0.56%,
,Oct 30 1994,,151.51,,151.51,,151.51,,151.51,,-,,0.25%,
,Oct 23 1994,,151.13,,151.13,,151.13,,151.13,,-,,-0.48%,
,Oct 16 1994,,151.86,,151.86,,151.86,,151.86,,-,,-0.16%,
,Oct 09 1994,,152.10,,152.10,,152.10,,152.10,,-,,1.60%,
,Oct 02 1994,,149.71,,149.71,,149.71,,149.71,,-,,-0.71%,
,Sep 25 1994,,150.78,,150.78,,150.78,,150.78,,-,,0.17%,
,Sep 18 1994,,150.53,,150.53,,150.53,,150.53,,-,,0.05%,
,Sep 11 1994,,150.45,,150.45,,150.45,,150.45,,-,,-0.42%,
,Sep 04 1994,,151.09,,151.09,,151.09,,151.09,,-,,-0.51%,
,Aug 28 1994,,151.86,,151.86,,151.86,,151.86,,-,,0.08%,
,Aug 21 1994,,151.74,,151.74,,151.74,,151.74,,-,,0.06%,
,Aug 14 1994,,151.65,,151.65,,151.65,,151.65,,-,,0.34%,
,Aug 07 1994,,151.14,,151.14,,151.14,,151.14,,-,,-1.56%,
,Jul 31 1994,,153.54,,153.54,,153.54,,153.54,,-,,0.27%,
,Jul 24 1994,,153.12,,153.12,,153.12,,153.12,,-,,-0.42%,
,Jul 17 1994,,153.77,,153.77,,153.77,,153.77,,-,,-0.04%,
,Jul 10 1994,,153.83,,153.83,,153.83,,153.83,,-,,1.29%,
,Jul 03 1994,,151.87,,151.87,,151.87,,151.87,,-,,0.26%,
,Jun 26 1994,,151.48,,151.48,,151.48,,151.48,,-,,0.28%,
,Jun 19 1994,,151.05,,151.05,,151.05,,151.05,,-,,0.14%,
,Jun 12 1994,,150.84,,150.84,,150.84,,150.84,,-,,-0.81%,
,Jun 05 1994,,152.07,,152.07,,152.07,,152.07,,-,,0.82%,
,May 29 1994,,150.83,,150.83,,150.83,,150.83,,-,,-1.08%,
,May 22 1994,,152.47,,152.47,,152.47,,152.47,,-,,-1.12%,
,May 15 1994,,154.20,,154.20,,154.20,,154.20,,-,,0.20%,
,May 08 1994,,153.89,,153.89,,153.89,,153.89,,-,,0.82%,
,May 01 1994,,152.64,,152.64,,152.64,,152.64,,-,,0.20%,
,Apr 24 1994,,152.34,,152.34,,152.34,,152.34,,-,,-0.33%,
,Apr 17 1994,,152.84,,152.84,,152.84,,152.84,,-,,-0.90%,
,Apr 10 1994,,154.23,,154.23,,154.23,,154.23,,-,,-0.05%,
,Apr 03 1994,,154.31,,154.31,,154.31,,154.31,,-,,0.57%,
,Mar 27 1994,,153.44,,153.44,,153.44,,153.44,,-,,0.45%,
,Mar 20 1994,,152.76,,152.76,,152.76,,152.76,,-,,-0.57%,
,Mar 13 1994,,153.64,,153.64,,153.64,,153.64,,-,,0.42%,
,Mar 06 1994,,153.00,,153.00,,153.00,,153.00,,-,,0.24%,
,Feb 27 1994,,152.63,,152.63,,152.63,,152.63,,-,,-0.25%,
,Feb 20 1994,,153.02,,153.02,,153.02,,153.02,,-,,-1.25%,
,Feb 13 1994,,154.96,,154.96,,154.96,,154.96,,-,,-0.23%,
,Feb 06 1994,,155.31,,155.31,,155.31,,155.31,,-,,-0.19%,
,Jan 30 1994,,155.60,,155.60,,155.60,,155.60,,-,,-0.27%,
,Jan 23 1994,,156.02,,156.02,,156.02,,156.02,,-,,-0.06%,
,Jan 16 1994,,156.11,,156.11,,156.11,,156.11,,-,,-0.13%,
,Jan 09 1994,,156.31,,156.31,,156.31,,156.31,,-,,-0.03%,
,Jan 02 1994,,156.35,,156.35,,156.35,,156.35,,-,,0.01%,
,Dec 26 1993,,156.33,,156.33,,156.33,,156.33,,-,,0.37%,
,Dec 19 1993,,155.75,,155.75,,155.75,,155.75,,-,,0.26%,
,Dec 12 1993,,155.34,,155.34,,155.34,,155.34,,-,,-0.08%,
,Dec 05 1993,,155.46,,155.46,,155.46,,155.46,,-,,0.64%,
,Nov 28 1993,,154.47,,154.47,,154.47,,154.47,,-,,0.06%,
,Nov 21 1993,,154.37,,154.37,,154.37,,154.37,,-,,0.04%,
,Nov 14 1993,,154.31,,154.31,,154.31,,154.31,,-,,0.65%,
,Nov 07 1993,,153.31,,153.31,,153.31,,153.31,,-,,0.06%,
,Oct 31 1993,,153.22,,153.22,,153.22,,153.22,,-,,0.14%,
,Oct 24 1993,,153.01,,153.01,,153.01,,153.01,,-,,0.09%,
,Oct 17 1993,,152.88,,152.88,,152.88,,152.88,,-,,0.61%,
,Oct 10 1993,,151.96,,151.96,,151.96,,151.96,,-,,0.41%,
,Oct 03 1993,,151.34,,151.34,,151.34,,151.34,,-,,0.55%,
,Sep 26 1993,,150.51,,150.51,,150.51,,150.51,,-,,0.44%,
,Sep 19 1993,,149.85,,149.85,,149.85,,149.85,,-,,-0.01%,
,Sep 12 1993,,149.87,,149.87,,149.87,,149.87,,-,,0.22%,
,Sep 05 1993,,149.54,,149.54,,149.54,,149.54,,-,,0.04%,
,Aug 29 1993,,149.48,,149.48,,149.48,,149.48,,-,,0.57%,
,Aug 22 1993,,148.64,,148.64,,148.64,,148.64,,-,,0.38%,
,Aug 15 1993,,148.08,,148.08,,148.08,,148.08,,-,,0.11%,
,Aug 08 1993,,147.91,,147.91,,147.91,,147.91,,-,,0.18%,
,Aug 01 1993,,147.65,,147.65,,147.65,,147.65,,-,,0.74%,
,Jul 25 1993,,146.57,,146.57,,146.57,,146.57,,-,,0.21%,
,Jul 18 1993,,146.27,,146.27,,146.27,,146.27,,-,,0.27%,
,Jul 11 1993,,145.88,,145.88,,145.88,,145.88,,-,,0.17%,
,Jul 04 1993,,145.63,,145.63,,145.63,,145.63,,-,,0.61%,
,Jun 27 1993,,144.75,,144.75,,144.75,,144.75,,-,,0.24%,
,Jun 20 1993,,144.41,,144.41,,144.41,,144.41,,-,,0.22%,
,Jun 13 1993,,144.09,,144.09,,144.09,,144.09,,-,,0.50%,
,Jun 06 1993,,143.37,,143.37,,143.37,,143.37,,-,,0.35%,
,May 30 1993,,142.87,,142.87,,142.87,,142.87,,-,,-0.08%,
,May 23 1993,,142.99,,142.99,,142.99,,142.99,,-,,0.18%,
,May 16 1993,,142.74,,142.74,,142.74,,142.74,,-,,-0.63%,
,May 09 1993,,143.64,,143.64,,143.64,,143.64,,-,,0.47%,
,May 02 1993,,142.97,,142.97,,142.97,,142.97,,-,,0.42%,
,Apr 25 1993,,142.37,,142.37,,142.37,,142.37,,-,,-0.63%,
,Apr 18 1993,,143.27,,143.27,,143.27,,143.27,,-,,0.02%,
,Apr 11 1993,,143.24,,143.24,,143.24,,143.24,,-,,0.15%,
,Apr 04 1993,,143.03,,143.03,,143.03,,143.03,,-,,0.83%,
,Mar 28 1993,,141.85,,141.85,,141.85,,141.85,,-,,-0.37%,
,Mar 21 1993,,142.38,,142.38,,142.38,,142.38,,-,,-0.18%,
,Mar 14 1993,,142.64,,142.64,,142.64,,142.64,,-,,-0.27%,
,Mar 07 1993,,143.02,,143.02,,143.02,,143.02,,-,,0.29%,
,Feb 28 1993,,142.61,,142.61,,142.61,,142.61,,-,,0.86%,
,Feb 21 1993,,141.40,,141.40,,141.40,,141.40,,-,,0.98%,
,Feb 14 1993,,140.03,,140.03,,140.03,,140.03,,-,,0.61%,
,Feb 07 1993,,139.18,,139.18,,139.18,,139.18,,-,,0.35%,
,Jan 31 1993,,138.70,,138.70,,138.70,,138.70,,-,,0.60%,
,Jan 24 1993,,137.87,,137.87,,137.87,,137.87,,-,,0.07%,
,Jan 17 1993,,137.77,,137.77,,137.77,,137.77,,-,,0.03%,
,Jan 10 1993,,137.73,,137.73,,137.73,,137.73,,-,,0.33%,
,Jan 03 1993,,137.28,,137.28,,137.28,,137.28,,-,,0.69%,
,Dec 27 1992,,136.34,,136.34,,136.34,,136.34,,-,,0.21%,
,Dec 20 1992,,136.05,,136.05,,136.05,,136.05,,-,,0.56%,
,Dec 13 1992,,135.29,,135.29,,135.29,,135.29,,-,,0.37%,
,Dec 06 1992,,134.79,,134.79,,134.79,,134.79,,-,,0.13%,
,Nov 29 1992,,134.62,,134.62,,134.62,,134.62,,-,,0.07%,
,Nov 22 1992,,134.53,,134.53,,134.53,,134.53,,-,,0.10%,
,Nov 15 1992,,134.39,,134.39,,134.39,,134.39,,-,,0.43%,
,Nov 08 1992,,133.81,,133.81,,133.81,,133.81,,-,,-0.06%,
,Nov 01 1992,,133.89,,133.89,,133.89,,133.89,,-,,0.44%,
,Oct 25 1992,,133.31,,133.31,,133.31,,133.31,,-,,-0.29%,
,Oct 18 1992,,133.70,,133.70,,133.70,,133.70,,-,,0.85%,
,Oct 11 1992,,132.57,,132.57,,132.57,,132.57,,-,,0.39%,
,Oct 04 1992,,132.05,,132.05,,132.05,,132.05,,-,,0.70%,
,Sep 27 1992,,131.13,,131.13,,131.13,,131.13,,-,,0.65%,
,Sep 20 1992,,130.28,,130.28,,130.28,,130.28,,-,,0.21%,
,Sep 13 1992,,130.01,,130.01,,130.01,,130.01,,-,,1.86%,
,Sep 06 1992,,127.64,,127.64,,127.64,,127.64,,-,,0.69%,
,Aug 30 1992,,126.77,,126.77,,126.77,,126.77,,-,,0.09%,
,Aug 23 1992,,126.65,,126.65,,126.65,,126.65,,-,,0.03%,
,Aug 16 1992,,126.61,,126.61,,126.61,,126.61,,-,,0.63%,
,Aug 09 1992,,125.82,,125.82,,125.82,,125.82,,-,,0.15%,
,Aug 02 1992,,125.63,,125.63,,125.63,,125.63,,-,,0.40%,
,Jul 26 1992,,125.13,,125.13,,125.13,,125.13,,-,,-0.19%,
,Jul 19 1992,,125.37,,125.37,,125.37,,125.37,,-,,-0.03%,
,Jul 12 1992,,125.41,,125.41,,125.41,,125.41,,-,,-0.13%,
,Jul 05 1992,,125.57,,125.57,,125.57,,125.57,,-,,0.11%,
,Jun 28 1992,,125.43,,125.43,,125.43,,125.43,,-,,0.46%,
,Jun 21 1992,,124.85,,124.85,,124.85,,124.85,,-,,-0.17%,
,Jun 14 1992,,125.06,,125.06,,125.06,,125.06,,-,,0.02%,
,Jun 07 1992,,125.03,,125.03,,125.03,,125.03,,-,,0.23%,
,May 31 1992,,124.74,,124.74,,124.74,,124.74,,-,,-0.04%,
,May 24 1992,,124.79,,124.79,,124.79,,124.79,,-,,0.10%,
,May 17 1992,,124.67,,124.67,,124.67,,124.67,,-,,0.55%,
,May 10 1992,,123.99,,123.99,,123.99,,123.99,,-,,-0.05%,