0,1,2,3,4,5,6,7,8
0,-2.48,44.01,17.745967741935484,0.0,0.0,0.0,0.0,100.0
1,-2.08,39.91,19.187499999999996,0.0,0.0,0.0,10.0,90.0
2,-1.7000000000000002,35.62,20.952941176470585,0.0,0.0,0.0,20.0,80.0
3,-1.35,31.39,23.25185185185185,0.0,0.0,0.0,30.0,70.0
4,-1.01,26.98,26.712871287128714,0.0,0.0,0.0,40.0,60.0
5,-0.69,22.4,32.46376811594203,0.0,0.0,0.0,50.0,50.0
6,-0.39,17.64,45.23076923076923,0.0,0.0,0.0,60.0,40.0
7,-0.10000000000000003,12.92,129.19999999999996,0.0,0.0,0.0,70.0,30.0
8,0.16000000000000003,13.42,83.87499999999999,0.0,0.0,0.0,80.0,20.0
9,0.41999999999999993,14.04,33.42857142857143,0.0,0.0,0.0,90.0,10.0
10,0.65,15.01,23.092307692307692,0.0,0.0,0.0,100.0,0.0
11,-1.7200000000000002,38.77,22.540697674418603,0.0,0.0,10.0,0.0,90.0
12,-1.3399999999999999,34.47,25.723880597014926,0.0,0.0,10.0,10.0,80.0
13,-0.99,30.19,30.494949494949495,0.0,0.0,10.0,20.0,70.0
14,-0.65,25.72,39.569230769230764,0.0,0.0,10.0,30.0,60.0
15,-0.33,21.08,63.87878787878787,0.0,0.0,10.0,40.0,50.0
16,-0.030000000000000027,16.26,541.9999999999995,0.0,0.0,10.0,50.0,40.0
17,0.25,12.08,48.32,0.0,0.0,10.0,60.0,30.0
18,0.52,12.49,24.01923076923077,0.0,0.0,10.0,70.0,20.0
19,0.7699999999999999,13.09,17.000000000000004,0.0,0.0,10.0,80.0,10.0
20,1.0099999999999998,14.07,13.930693069306933,0.0,0.0,10.0,90.0,0.0
21,-0.98,33.32,34.0,0.0,0.0,20.0,0.0,80.0
22,-0.63,28.97,45.98412698412698,0.0,0.0,20.0,10.0,70.0
23,-0.30000000000000004,24.45,81.49999999999999,0.0,0.0,20.0,20.0,60.0
24,0.019999999999999962,19.75,987.5000000000018,0.0,0.0,20.0,30.0,50.0
25,0.31999999999999995,14.86,46.43750000000001,0.0,0.0,20.0,40.0,40.0
26,0.6,11.26,18.766666666666666,0.0,0.0,20.0,50.0,30.0
27,0.87,11.61,13.344827586206897,0.0,0.0,20.0,60.0,20.0
28,1.12,12.17,10.866071428571427,0.0,0.0,20.0,70.0,10.0
29,1.3599999999999999,13.17,9.683823529411766,0.0,0.0,20.0,80.0,0.0
30,-0.27,27.74,102.74074074074073,0.0,0.0,30.0,0.0,70.0
31,0.06,23.16,386.0,0.0,0.0,30.0,10.0,60.0
32,0.38,18.4,48.421052631578945,0.0,0.0,30.0,20.0,50.0
33,0.68,13.45,19.77941176470588,0.0,0.0,30.0,30.0,40.0
34,0.9600000000000001,10.45,10.885416666666664,0.0,0.0,30.0,40.0,30.0
35,1.2200000000000002,10.79,8.844262295081965,0.0,0.0,30.0,50.0,20.0
36,1.4700000000000002,11.28,7.673469387755101,0.0,0.0,30.0,60.0,10.0
37,1.71,12.27,7.175438596491228,0.0,0.0,30.0,70.0,0.0
38,0.41999999999999993,21.86,52.04761904761906,0.0,0.0,40.0,0.0,60.0
39,0.7299999999999999,17.03,23.328767123287676,0.0,0.0,40.0,10.0,50.0
40,1.0299999999999998,12.87,12.495145631067963,0.0,0.0,40.0,20.0,40.0
41,1.31,9.76,7.450381679389313,0.0,0.0,40.0,30.0,30.0
42,1.58,9.98,6.3164556962025316,0.0,0.0,40.0,40.0,20.0
43,1.83,10.4,5.683060109289618,0.0,0.0,40.0,50.0,10.0
44,2.06,11.37,5.519417475728154,0.0,0.0,40.0,60.0,0.0
45,1.0899999999999999,15.66,14.366972477064222,0.0,0.0,50.0,0.0,50.0
46,1.38,12.57,9.108695652173914,0.0,0.0,50.0,10.0,40.0
47,1.6600000000000001,9.46,5.698795180722891,0.0,0.0,50.0,20.0,30.0
48,1.9300000000000002,9.17,4.751295336787565,0.0,0.0,50.0,30.0,20.0
49,2.18,9.53,4.371559633027522,0.0,0.0,50.0,40.0,10.0
50,2.41,10.48,4.348547717842323,0.0,0.0,50.0,50.0,0.0
51,1.7400000000000002,12.27,7.051724137931034,0.0,0.0,60.0,0.0,40.0
52,2.02,9.25,4.579207920792079,0.0,0.0,60.0,10.0,30.0
53,2.2800000000000002,8.43,3.697368421052631,0.0,0.0,60.0,20.0,20.0
54,2.5300000000000002,8.69,3.4347826086956514,0.0,0.0,60.0,30.0,10.0
55,2.7600000000000002,9.59,3.47463768115942,0.0,0.0,60.0,40.0,0.0
56,2.37,9.16,3.8649789029535864,0.0,0.0,70.0,0.0,30.0
57,2.63,7.69,2.9239543726235744,0.0,0.0,70.0,10.0,20.0
58,2.88,7.92,2.75,0.0,0.0,70.0,20.0,10.0
59,3.11,8.72,2.803858520900322,0.0,0.0,70.0,30.0,0.0
60,2.98,7.69,2.580536912751678,0.0,0.0,80.0,0.0,20.0
61,3.23,7.18,2.222910216718266,0.0,0.0,80.0,10.0,10.0
62,3.46,7.85,2.26878612716763,0.0,0.0,80.0,20.0,0.0
63,3.58,6.79,1.8966480446927374,0.0,0.0,90.0,0.0,10.0
64,3.81,6.99,1.8346456692913387,0.0,0.0,90.0,10.0,0.0
65,4.1499999999999995,6.14,1.4795180722891568,0.0,0.0,100.0,0.0,0.0
66,-2.12,41.08,19.377358490566035,0.0,10.0,0.0,0.0,90.0
67,-1.73,36.82,21.283236994219653,0.0,10.0,0.0,10.0,80.0
68,-1.3599999999999999,32.34,23.779411764705888,0.0,10.0,0.0,20.0,70.0
69,-1.01,27.86,27.584158415841582,0.0,10.0,0.0,30.0,60.0
70,-0.68,23.3,34.26470588235294,0.0,10.0,0.0,40.0,50.0
71,-0.37,18.83,50.89189189189189,0.0,10.0,0.0,50.0,40.0
72,-0.08000000000000002,14.25,178.12499999999997,0.0,10.0,0.0,60.0,30.0
73,0.19999999999999996,14.76,73.80000000000001,0.0,10.0,0.0,70.0,20.0
74,0.45999999999999996,15.27,33.19565217391305,0.0,10.0,0.0,80.0,10.0
75,0.7100000000000001,15.95,22.464788732394364,0.0,10.0,0.0,90.0,0.0
76,-1.37,35.64,26.014598540145982,0.0,10.0,10.0,0.0,80.0
77,-1.0,31.1,31.1,0.0,10.0,10.0,10.0,70.0
78,-0.65,26.61,40.93846153846154,0.0,10.0,10.0,20.0,60.0
79,-0.32,21.97,68.65625,0.0,10.0,10.0,30.0,50.0
80,-0.010000000000000009,17.39,1738.9999999999984,0.0,10.0,10.0,40.0,40.0
81,0.28,13.33,47.607142857142854,0.0,10.0,10.0,50.0,30.0
82,0.5599999999999999,13.83,24.696428571428573,0.0,10.0,10.0,60.0,20.0
83,0.82,14.33,17.475609756097562,0.0,10.0,10.0,70.0,10.0
84,1.0699999999999998,14.98,14.000000000000002,0.0,10.0,10.0,80.0,0.0
85,-0.64,29.88,46.6875,0.0,10.0,20.0,0.0,70.0
86,-0.29000000000000004,25.36,87.44827586206895,0.0,10.0,20.0,10.0,60.0
87,0.03999999999999998,20.66,516.5000000000002,0.0,10.0,20.0,20.0,50.0
88,0.35,15.94,45.542857142857144,0.0,10.0,20.0,30.0,40.0
89,0.64,12.4,19.375,0.0,10.0,20.0,40.0,30.0
90,0.92,12.9,14.021739130434783,0.0,10.0,20.0,50.0,20.0
91,1.1800000000000002,13.4,11.355932203389829,0.0,10.0,20.0,60.0,10.0
92,1.42,14.02,9.873239436619718,0.0,10.0,20.0,70.0,0.0
93,0.06999999999999995,24.09,344.1428571428574,0.0,10.0,30.0,0.0,60.0
94,0.39,19.33,49.564102564102555,0.0,10.0,30.0,10.0,50.0
95,0.7000000000000001,14.47,20.67142857142857,0.0,10.0,30.0,20.0,40.0
96,0.9999999999999999,11.48,11.480000000000002,0.0,10.0,30.0,30.0,30.0
97,1.27,11.97,9.425196850393702,0.0,10.0,30.0,40.0,20.0
98,1.5299999999999998,12.47,8.150326797385622,0.0,10.0,30.0,50.0,10.0
99,1.77,13.05,7.372881355932203,0.0,10.0,30.0,60.0,0.0
100,0.7499999999999999,17.98,23.973333333333336,0.0,10.0,40.0,0.0,50.0
101,1.06,13.81,13.028301886792452,0.0,10.0,40.0,10.0,40.0
102,1.35,10.69,7.918518518518518,0.0,10.0,40.0,20.0,30.0
103,1.63,11.05,6.77914110429448,0.0,10.0,40.0,30.0,20.0
104,1.8900000000000001,11.54,6.105820105820105,0.0,10.0,40.0,40.0,10.0
105,2.13,12.09,5.676056338028169,0.0,10.0,40.0,50.0,0.0
106,1.42,13.52,9.52112676056338,0.0,10.0,50.0,0.0,40.0
107,1.71,10.43,6.099415204678363,0.0,10.0,50.0,10.0,30.0
108,1.98,10.13,5.116161616161617,0.0,10.0,50.0,20.0,20.0
109,2.24,10.62,4.741071428571428,0.0,10.0,50.0,30.0,10.0
110,2.48,11.14,4.491935483870968,0.0,10.0,50.0,40.0,0.0
111,2.06,10.3,5.0,0.0,10.0,60.0,0.0,30.0
112,2.33,9.21,3.9527896995708156,0.0,10.0,60.0,10.0,20.0
113,2.5900000000000003,9.69,3.7413127413127407,0.0,10.0,60.0,20.0,10.0
114,2.83,10.18,3.597173144876325,0.0,10.0,60.0,30.0,0.0
115,2.69,8.33,3.096654275092937,0.0,10.0,70.0,0.0,20.0
116,2.94,8.77,2.9829931972789114,0.0,10.0,70.0,10.0,10.0
117,3.19,9.25,2.8996865203761755,0.0,10.0,70.0,20.0,0.0
118,3.3000000000000003,7.85,2.3787878787878785,0.0,10.0,80.0,0.0,10.0
119,3.54,8.33,2.353107344632768,0.0,10.0,80.0,10.0,0.0
120,3.89,7.43,1.910025706940874,0.0,10.0,90.0,0.0,0.0
121,-1.7799999999999998,38.17,21.443820224719104,0.0,20.0,0.0,0.0,80.0
122,-1.4,33.99,24.278571428571432,0.0,20.0,0.0,10.0,70.0
123,-1.04,29.63,28.490384615384613,0.0,20.0,0.0,20.0,60.0
124,-0.7,25.19,35.98571428571429,0.0,20.0,0.0,30.0,50.0
125,-0.38,20.78,54.684210526315795,0.0,20.0,0.0,40.0,40.0
126,-0.07,16.24,231.99999999999994,0.0,20.0,0.0,50.0,30.0
127,0.21999999999999997,16.11,73.22727272727273,0.0,20.0,0.0,60.0,20.0
128,0.49,16.8,34.285714285714285,0.0,20.0,0.0,70.0,10.0
129,0.7399999999999999,17.5,23.648648648648653,0.0,20.0,0.0,80.0,0.0
130,-1.04,32.71,31.451923076923077,0.0,20.0,10.0,0.0,70.0
131,-0.68,28.28,41.588235294117645,0.0,20.0,10.0,10.0,60.0
132,-0.34,23.84,70.11764705882352,0.0,20.0,10.0,20.0,50.0
133,-0.010000000000000009,19.37,1936.9999999999984,0.0,20.0,10.0,30.0,40.0
134,0.2899999999999999,14.74,50.82758620689656,0.0,20.0,10.0,40.0,30.0
135,0.58,15.17,26.155172413793107,0.0,20.0,10.0,50.0,20.0
136,0.85,15.84,18.63529411764706,0.0,20.0,10.0,60.0,10.0
137,1.1,16.53,15.027272727272727,0.0,20.0,10.0,70.0,0.0
138,-0.31000000000000005,26.91,86.80645161290322,0.0,20.0,20.0,0.0,60.0
139,0.02999999999999997,22.48,749.333333333334,0.0,20.0,20.0,10.0,50.0
140,0.35,17.94,51.25714285714287,0.0,20.0,20.0,20.0,40.0
141,0.65,13.74,21.138461538461538,0.0,20.0,20.0,30.0,30.0
142,0.9400000000000001,14.24,15.148936170212766,0.0,20.0,20.0,40.0,20.0
143,1.21,14.87,12.289256198347108,0.0,20.0,20.0,50.0,10.0
144,1.46,15.57,10.664383561643836,0.0,20.0,20.0,60.0,0.0
145,0.39,21.1,54.1025641025641,0.0,20.0,30.0,0.0,50.0
146,0.7100000000000001,16.5,23.239436619718308,0.0,20.0,30.0,10.0,40.0
147,1.0099999999999998,12.81,12.683168316831686,0.0,20.0,30.0,20.0,30.0
148,1.29,13.31,10.317829457364342,0.0,20.0,30.0,30.0,20.0
149,1.56,13.91,8.916666666666666,0.0,20.0,30.0,40.0,10.0
150,1.8200000000000003,14.6,8.02197802197802,0.0,20.0,30.0,50.0,0.0
151,1.0699999999999998,15.04,14.056074766355142,0.0,20.0,40.0,0.0,40.0
152,1.37,12.4,9.051094890510948,0.0,20.0,40.0,10.0,30.0
153,1.65,12.38,7.503030303030304,0.0,20.0,40.0,20.0,20.0
154,1.92,12.95,6.744791666666667,0.0,20.0,40.0,30.0,10.0
155,2.17,13.64,6.2857142857142865,0.0,20.0,40.0,40.0,0.0
156,1.7200000000000002,12.21,7.098837209302325,0.0,20.0,50.0,0.0,30.0
157,2.0100000000000002,11.57,5.756218905472636,0.0,20.0,50.0,10.0,20.0
158,2.2800000000000002,12.0,5.263157894736842,0.0,20.0,50.0,20.0,10.0
159,2.5300000000000002,12.68,5.011857707509881,0.0,20.0,50.0,30.0,0.0
160,2.37,11.37,4.7974683544303796,0.0,20.0,60.0,0.0,20.0
161,2.63,11.04,4.197718631178707,0.0,20.0,60.0,10.0,10.0
162,2.88,11.72,4.069444444444445,0.0,20.0,60.0,20.0,0.0
163,2.99,10.73,3.588628762541806,0.0,20.0,70.0,0.0,10.0
164,3.24,10.77,3.3240740740740735,0.0,20.0,70.0,10.0,0.0
165,3.5900000000000003,10.34,2.8802228412256263,0.0,20.0,80.0,0.0,0.0
166,-1.46,36.11,24.732876712328768,0.0,30.0,0.0,0.0,70.0
167,-1.0899999999999999,31.84,29.21100917431193,0.0,30.0,0.0,10.0,60.0
168,-0.74,27.38,37.0,0.0,30.0,0.0,20.0,50.0
169,-0.4,22.75,56.875,0.0,30.0,0.0,30.0,40.0
170,-0.09000000000000002,18.59,206.5555555555555,0.0,30.0,0.0,40.0,30.0
171,0.20999999999999996,17.66,84.09523809523812,0.0,30.0,0.0,50.0,20.0
172,0.49,18.36,37.46938775510204,0.0,30.0,0.0,60.0,10.0
173,0.7499999999999999,19.06,25.413333333333334,0.0,30.0,0.0,70.0,0.0
174,-0.72,30.52,42.38888888888889,0.0,30.0,10.0,0.0,60.0
175,-0.37,25.99,70.24324324324324,0.0,30.0,10.0,10.0,50.0
176,-0.040000000000000036,21.35,533.7499999999995,0.0,30.0,10.0,20.0,40.0
177,0.27,17.28,64.0,0.0,30.0,10.0,30.0,30.0
178,0.57,16.69,29.28070175438597,0.0,30.0,10.0,40.0,20.0
179,0.85,17.39,20.458823529411767,0.0,30.0,10.0,50.0,10.0
180,1.1099999999999999,18.09,16.2972972972973,0.0,30.0,10.0,60.0,0.0
181,-0.010000000000000009,24.59,2458.9999999999977,0.0,30.0,20.0,0.0,50.0
182,0.31999999999999995,19.95,62.34375000000001,0.0,30.0,20.0,10.0,40.0
183,0.64,16.28,25.4375,0.0,30.0,20.0,20.0,30.0
184,0.93,15.78,16.96774193548387,0.0,30.0,20.0,30.0,20.0
185,1.21,16.42,13.5702479338843,0.0,30.0,20.0,40.0,10.0
186,1.4700000000000002,17.12,11.64625850340136,0.0,30.0,20.0,50.0,0.0
187,0.68,18.63,27.39705882352941,0.0,30.0,30.0,0.0,40.0
188,0.9999999999999999,16.06,16.060000000000002,0.0,30.0,30.0,10.0,30.0
189,1.29,15.56,12.062015503875969,0.0,30.0,30.0,20.0,20.0
190,1.5699999999999998,15.46,9.847133757961785,0.0,30.0,30.0,30.0,10.0
191,1.83,16.15,8.825136612021856,0.0,30.0,30.0,40.0,0.0
192,1.3599999999999999,15.84,11.647058823529413,0.0,30.0,40.0,0.0,30.0
193,1.65,15.34,9.296969696969697,0.0,30.0,40.0,10.0,20.0
194,1.9300000000000002,14.85,7.694300518134714,0.0,30.0,40.0,20.0,10.0
195,2.19,15.19,6.936073059360731,0.0,30.0,40.0,30.0,0.0
196,2.0100000000000002,15.13,7.527363184079602,0.0,30.0,50.0,0.0,20.0
197,2.29,14.64,6.393013100436681,0.0,30.0,50.0,10.0,10.0
198,2.5500000000000003,14.23,5.580392156862745,0.0,30.0,50.0,20.0,0.0
199,2.65,14.43,5.445283018867925,0.0,30.0,60.0,0.0,10.0
200,2.91,13.98,4.804123711340206,0.0,30.0,60.0,10.0,0.0
201,3.27,13.78,4.2140672782874615,0.0,30.0,70.0,0.0,0.0
202,-1.17,34.02,29.07692307692308,0.0,40.0,0.0,0.0,60.0
203,-0.8,29.65,37.06249999999999,0.0,40.0,0.0,10.0,50.0
204,-0.46,25.21,54.80434782608695,0.0,40.0,0.0,20.0,40.0
205,-0.13,21.17,162.84615384615384,0.0,40.0,0.0,30.0,30.0
206,0.16999999999999993,19.62,115.4117647058824,0.0,40.0,0.0,40.0,20.0
207,0.45999999999999996,19.91,43.28260869565218,0.0,40.0,0.0,50.0,10.0
208,0.7399999999999999,20.62,27.86486486486487,0.0,40.0,0.0,60.0,0.0
209,-0.44,28.3,64.31818181818181,0.0,40.0,10.0,0.0,50.0
210,-0.09000000000000002,23.78,264.2222222222222,0.0,40.0,10.0,10.0,40.0
211,0.22999999999999998,19.91,86.56521739130436,0.0,40.0,10.0,20.0,30.0
212,0.5399999999999999,19.4,35.92592592592593,0.0,40.0,10.0,30.0,20.0
213,0.83,18.94,22.819277108433738,0.0,40.0,10.0,40.0,10.0
214,1.1,19.64,17.854545454545455,0.0,40.0,10.0,50.0,0.0
215,0.27,22.45,83.14814814814814,0.0,40.0,20.0,0.0,40.0
216,0.6,19.68,32.800000000000004,0.0,40.0,20.0,10.0,30.0
217,0.9,19.18,21.31111111111111,0.0,40.0,20.0,20.0,20.0
218,1.19,18.69,15.705882352941178,0.0,40.0,20.0,30.0,10.0
219,1.46,18.67,12.787671232876713,0.0,40.0,20.0,40.0,0.0
220,0.9600000000000001,19.46,20.270833333333332,0.0,40.0,30.0,0.0,30.0
221,1.27,18.96,14.929133858267717,0.0,40.0,30.0,10.0,20.0
222,1.5499999999999998,18.47,11.916129032258064,0.0,40.0,30.0,20.0,10.0
223,1.83,17.99,9.830601092896174,0.0,40.0,30.0,30.0,0.0
224,1.63,18.74,11.496932515337424,0.0,40.0,40.0,0.0,20.0
225,1.92,18.26,9.510416666666668,0.0,40.0,40.0,10.0,10.0
226,2.19,17.77,8.114155251141552,0.0,40.0,40.0,20.0,0.0
227,2.2800000000000002,18.04,7.912280701754384,0.0,40.0,50.0,0.0,10.0
228,2.5500000000000003,17.56,6.88627450980392,0.0,40.0,50.0,10.0,0.0
229,2.91,17.35,5.962199312714777,0.0,40.0,60.0,0.0,0.0
230,-0.89,32.0,35.95505617977528,0.0,50.0,0.0,0.0,50.0
231,-0.54,27.7,51.29629629629629,0.0,50.0,0.0,10.0,40.0
232,-0.2,23.72,118.6,0.0,50.0,0.0,20.0,30.0
233,0.12,22.88,190.66666666666666,0.0,50.0,0.0,30.0,20.0
234,0.41000000000000003,22.38,54.58536585365853,0.0,50.0,0.0,40.0,10.0
235,0.7000000000000001,22.29,31.842857142857138,0.0,50.0,0.0,50.0,0.0
236,-0.17,26.26,154.47058823529412,0.0,50.0,10.0,0.0,40.0
237,0.16999999999999993,23.17,136.2941176470589,0.0,50.0,10.0,10.0,30.0
238,0.48,22.66,47.208333333333336,0.0,50.0,10.0,20.0,20.0
239,0.7799999999999999,22.17,28.423076923076927,0.0,50.0,10.0,30.0,10.0
240,1.06,21.78,20.547169811320753,0.0,50.0,10.0,40.0,0.0
241,0.53,22.95,43.30188679245283,0.0,50.0,20.0,0.0,30.0
242,0.85,22.44,26.400000000000002,0.0,50.0,20.0,10.0,20.0
243,1.15,21.95,19.086956521739133,0.0,50.0,20.0,20.0,10.0
244,1.4300000000000002,21.56,15.076923076923075,0.0,50.0,20.0,30.0,0.0
245,1.2200000000000002,22.22,18.213114754098356,0.0,50.0,30.0,0.0,20.0
246,1.5099999999999998,21.73,14.390728476821195,0.0,50.0,30.0,10.0,10.0
247,1.79,21.35,11.927374301675979,0.0,50.0,30.0,20.0,0.0
248,1.88,21.51,11.441489361702128,0.0,50.0,40.0,0.0,10.0
249,2.16,21.14,9.787037037037036,0.0,50.0,40.0,10.0,0.0
250,2.52,20.93,8.305555555555555,0.0,50.0,50.0,0.0,0.0
251,-0.64,30.23,47.234375,0.0,60.0,0.0,0.0,40.0
252,-0.29000000000000004,26.54,91.51724137931033,0.0,60.0,0.0,10.0,30.0
253,0.02999999999999997,26.01,867.0000000000009,0.0,60.0,0.0,20.0,20.0
254,0.33999999999999997,25.51,75.0294117647059,0.0,60.0,0.0,30.0,10.0
255,0.63,25.3,40.15873015873016,0.0,60.0,0.0,40.0,0.0
256,0.07999999999999996,26.31,328.87500000000017,0.0,60.0,10.0,0.0,30.0
257,0.4,25.79,64.475,0.0,60.0,10.0,10.0,20.0
258,0.7100000000000001,25.29,35.61971830985915,0.0,60.0,10.0,20.0,10.0
259,0.9999999999999999,25.09,25.090000000000003,0.0,60.0,10.0,30.0,0.0
260,0.7699999999999999,25.57,33.20779220779221,0.0,60.0,20.0,0.0,20.0
261,1.08,25.07,23.212962962962962,0.0,60.0,20.0,10.0,10.0
262,1.37,24.88,18.160583941605836,0.0,60.0,20.0,20.0,0.0
263,1.4500000000000002,24.85,17.137931034482758,0.0,60.0,30.0,0.0,10.0
264,1.7400000000000002,24.67,14.178160919540229,0.0,60.0,30.0,10.0,0.0
265,2.11,24.45,11.587677725118484,0.0,60.0,40.0,0.0,0.0
266,-0.41000000000000003,29.54,72.04878048780488,0.0,70.0,0.0,0.0,30.0
267,-0.07,29.01,414.4285714285714,0.0,70.0,0.0,10.0,20.0
268,0.24,28.5,118.75,0.0,70.0,0.0,20.0,10.0
269,0.5399999999999999,28.48,52.74074074074075,0.0,70.0,0.0,30.0,0.0
270,0.29999999999999993,28.78,95.93333333333335,0.0,70.0,10.0,0.0,20.0
271,0.62,28.29,45.62903225806451,0.0,70.0,10.0,10.0,10.0
272,0.92,28.26,30.717391304347828,0.0,70.0,10.0,20.0,0.0
273,0.9899999999999999,28.07,28.353535353535356,0.0,70.0,20.0,0.0,10.0
274,1.29,28.05,21.74418604651163,0.0,70.0,20.0,10.0,0.0
275,1.6600000000000001,27.84,16.771084337349397,0.0,70.0,30.0,0.0,0.0
276,-0.21000000000000002,31.89,151.85714285714283,0.0,80.0,0.0,0.0,20.0
277,0.12,31.38,261.5,0.0,80.0,0.0,10.0,10.0
278,0.42999999999999994,31.52,73.30232558139537,0.0,80.0,0.0,20.0,0.0
279,0.5,31.16,62.32,0.0,80.0,10.0,0.0,10.0
280,0.8099999999999999,31.3,38.64197530864198,0.0,80.0,10.0,10.0,0.0
281,1.1800000000000002,31.09,26.34745762711864,0.0,80.0,20.0,0.0,0.0
282,-0.030000000000000027,34.14,1137.999999999999,0.0,90.0,0.0,0.0,10.0
283,0.2899999999999999,34.43,118.72413793103452,0.0,90.0,0.0,10.0,0.0
284,0.67,34.22,51.07462686567164,0.0,90.0,10.0,0.0,0.0
285,0.13,37.22,286.30769230769226,0.0,100.0,0.0,0.0,0.0
286,-1.37,37.23,27.175182481751822,10.0,0.0,0.0,0.0,90.0
287,-1.01,32.82,32.495049504950494,10.0,0.0,0.0,10.0,80.0
288,-0.66,28.45,43.1060606060606,10.0,0.0,0.0,20.0,70.0
289,-0.33,23.94,72.54545454545455,10.0,0.0,0.0,30.0,60.0
290,-0.020000000000000018,19.26,962.9999999999992,10.0,0.0,0.0,40.0,50.0
291,0.28,14.5,51.78571428571428,10.0,0.0,0.0,50.0,40.0
292,0.5599999999999999,14.44,25.78571428571429,10.0,0.0,0.0,60.0,30.0
293,0.82,14.95,18.23170731707317,10.0,0.0,0.0,70.0,20.0
294,1.0699999999999998,15.46,14.448598130841125,10.0,0.0,0.0,80.0,10.0
295,1.2999999999999998,16.04,12.338461538461539,10.0,0.0,0.0,90.0,0.0
296,-0.64,31.6,49.375,10.0,0.0,10.0,0.0,80.0
297,-0.30000000000000004,27.21,90.69999999999999,10.0,0.0,10.0,10.0,70.0
298,0.02999999999999997,22.64,754.6666666666674,10.0,0.0,10.0,20.0,60.0
299,0.33999999999999997,17.89,52.617647058823536,10.0,0.0,10.0,30.0,50.0
300,0.64,13.02,20.34375,10.0,0.0,10.0,40.0,40.0
301,0.92,13.52,14.695652173913043,10.0,0.0,10.0,50.0,30.0
302,1.1800000000000002,14.02,11.881355932203387,10.0,0.0,10.0,60.0,20.0
303,1.42,14.52,10.225352112676056,10.0,0.0,10.0,70.0,10.0
304,1.65,15.08,9.13939393939394,10.0,0.0,10.0,80.0,0.0
305,0.06,25.95,432.5,10.0,0.0,20.0,0.0,70.0
306,0.39,21.33,54.692307692307686,10.0,0.0,20.0,10.0,60.0
307,0.7000000000000001,16.52,23.599999999999998,10.0,0.0,20.0,20.0,50.0
308,0.9999999999999999,12.24,12.240000000000002,10.0,0.0,20.0,30.0,40.0
309,1.27,12.59,9.913385826771654,10.0,0.0,20.0,40.0,30.0
310,1.5299999999999998,13.09,8.555555555555557,10.0,0.0,20.0,50.0,20.0
311,1.7800000000000002,13.59,7.634831460674156,10.0,0.0,20.0,60.0,10.0
312,2.0100000000000002,14.11,7.019900497512436,10.0,0.0,20.0,70.0,0.0
313,0.7499999999999999,20.0,26.66666666666667,10.0,0.0,30.0,0.0,60.0
314,1.06,15.13,14.273584905660377,10.0,0.0,30.0,10.0,50.0
315,1.35,11.94,8.844444444444443,10.0,0.0,30.0,20.0,40.0
316,1.63,11.68,7.1656441717791415,10.0,0.0,30.0,30.0,30.0
317,1.8900000000000001,12.17,6.439153439153439,10.0,0.0,30.0,40.0,20.0
318,2.13,12.66,5.943661971830986,10.0,0.0,30.0,50.0,10.0
319,2.36,13.16,5.576271186440678,10.0,0.0,30.0,60.0,0.0
320,1.42,14.72,10.366197183098592,10.0,0.0,40.0,0.0,50.0
321,1.71,11.64,6.80701754385965,10.0,0.0,40.0,10.0,40.0
322,1.98,10.76,5.434343434343434,10.0,0.0,40.0,20.0,30.0
323,2.24,11.24,5.017857142857142,10.0,0.0,40.0,30.0,20.0
324,2.49,11.74,4.714859437751004,10.0,0.0,40.0,40.0,10.0
325,2.72,12.23,4.4963235294117645,10.0,0.0,40.0,50.0,0.0
326,2.06,11.34,5.504854368932039,10.0,0.0,50.0,0.0,40.0
327,2.3400000000000003,9.84,4.205128205128204,10.0,0.0,50.0,10.0,30.0
328,2.6,10.33,3.973076923076923,10.0,0.0,50.0,20.0,20.0
329,2.8400000000000003,10.81,3.806338028169014,10.0,0.0,50.0,30.0,10.0
330,3.0700000000000003,11.3,3.6807817589576546,10.0,0.0,50.0,40.0,0.0
331,2.69,9.0,3.345724907063197,10.0,0.0,60.0,0.0,30.0
332,2.95,9.41,3.189830508474576,10.0,0.0,60.0,10.0,20.0
333,3.19,9.89,3.1003134796238245,10.0,0.0,60.0,20.0,10.0
334,3.42,10.38,3.0350877192982457,10.0,0.0,60.0,30.0,0.0
335,3.31,8.5,2.56797583081571,10.0,0.0,70.0,0.0,20.0
336,3.5500000000000003,8.97,2.526760563380282,10.0,0.0,70.0,10.0,10.0
337,3.77,9.45,2.5066312997347477,10.0,0.0,70.0,20.0,0.0
338,3.9,8.06,2.066666666666667,10.0,0.0,80.0,0.0,10.0
339,4.13,8.53,2.0653753026634383,10.0,0.0,80.0,10.0,0.0
340,4.4799999999999995,7.61,1.6986607142857146,10.0,0.0,90.0,0.0,0.0
341,-1.04,34.04,32.730769230769226,10.0,10.0,0.0,0.0,80.0
342,-0.68,29.64,43.588235294117645,10.0,10.0,0.0,10.0,70.0
343,-0.34,25.28,74.35294117647058,10.0,10.0,0.0,20.0,60.0
344,-0.020000000000000018,20.91,1045.499999999999,10.0,10.0,0.0,30.0,50.0
345,0.2899999999999999,16.38,56.482758620689665,10.0,10.0,0.0,40.0,40.0
346,0.58,15.78,27.20689655172414,10.0,10.0,0.0,50.0,30.0
347,0.85,16.29,19.16470588235294,10.0,10.0,0.0,60.0,20.0
348,1.1,16.9,15.363636363636362,10.0,10.0,0.0,70.0,10.0
349,1.35,17.6,13.037037037037038,10.0,10.0,0.0,80.0,0.0
350,-0.31000000000000005,28.29,91.25806451612901,10.0,10.0,10.0,0.0,70.0
351,0.019999999999999962,23.93,1196.5000000000023,10.0,10.0,10.0,10.0,60.0
352,0.35,19.5,55.714285714285715,10.0,10.0,10.0,20.0,50.0
353,0.65,14.9,22.923076923076923,10.0,10.0,10.0,30.0,40.0
354,0.9400000000000001,14.85,15.797872340425531,10.0,10.0,10.0,40.0,30.0
355,1.21,15.36,12.694214876033058,10.0,10.0,10.0,50.0,20.0
356,1.46,15.93,10.91095890410959,10.0,10.0,10.0,60.0,10.0
357,1.7000000000000002,16.63,9.78235294117647,10.0,10.0,10.0,70.0,0.0
358,0.39,22.56,57.84615384615384,10.0,10.0,20.0,0.0,60.0
359,0.7100000000000001,18.07,25.450704225352112,10.0,10.0,20.0,10.0,50.0
360,1.0099999999999998,13.43,13.297029702970299,10.0,10.0,20.0,20.0,40.0
361,1.2999999999999998,13.92,10.707692307692309,10.0,10.0,20.0,30.0,30.0
362,1.5699999999999998,14.43,9.191082802547772,10.0,10.0,20.0,40.0,20.0
363,1.8200000000000003,14.97,8.225274725274724,10.0,10.0,20.0,50.0,10.0
364,2.06,15.66,7.601941747572815,10.0,10.0,20.0,60.0,0.0
365,1.0699999999999998,16.63,15.542056074766357,10.0,10.0,30.0,0.0,50.0
366,1.37,12.88,9.401459854014599,10.0,10.0,30.0,10.0,40.0
367,1.6600000000000001,13.0,7.831325301204819,10.0,10.0,30.0,20.0,30.0
368,1.9300000000000002,13.5,6.99481865284974,10.0,10.0,30.0,30.0,20.0
369,2.18,14.01,6.4266055045871555,10.0,10.0,30.0,40.0,10.0
370,2.42,14.7,6.074380165289256,10.0,10.0,30.0,50.0,0.0
371,1.73,12.59,7.277456647398844,10.0,10.0,40.0,0.0,40.0
372,2.0100000000000002,12.08,6.009950248756218,10.0,10.0,40.0,10.0,30.0
373,2.2800000000000002,12.57,5.513157894736842,10.0,10.0,40.0,20.0,20.0
374,2.54,13.07,5.145669291338582,10.0,10.0,40.0,30.0,10.0
375,2.77,13.74,4.96028880866426,10.0,10.0,40.0,40.0,0.0
376,2.37,11.19,4.721518987341772,10.0,10.0,50.0,0.0,30.0
377,2.64,11.65,4.412878787878788,10.0,10.0,50.0,10.0,20.0
378,2.89,12.14,4.200692041522491,10.0,10.0,50.0,20.0,10.0
379,3.13,12.78,4.083067092651757,10.0,10.0,50.0,30.0,0.0
380,3.0,10.73,3.5766666666666667,10.0,10.0,60.0,0.0,20.0
381,3.25,11.22,3.4523076923076923,10.0,10.0,60.0,10.0,10.0
382,3.49,11.82,3.3868194842406876,10.0,10.0,60.0,20.0,0.0
383,3.6,10.29,2.858333333333333,10.0,10.0,70.0,0.0,10.0
384,3.8400000000000003,10.87,2.830729166666666,10.0,10.0,70.0,10.0,0.0
385,4.1899999999999995,9.91,2.365155131264917,10.0,10.0,80.0,0.0,0.0
386,-0.72,31.81,44.18055555555556,10.0,20.0,0.0,0.0,70.0
387,-0.37,27.38,74.0,10.0,20.0,0.0,10.0,60.0
388,-0.040000000000000036,22.82,570.4999999999995,10.0,20.0,0.0,20.0,50.0
389,0.28,18.4,65.71428571428571,10.0,20.0,0.0,30.0,40.0
390,0.57,17.12,30.03508771929825,10.0,20.0,0.0,40.0,30.0
391,0.85,17.75,20.88235294117647,10.0,20.0,0.0,50.0,20.0
392,1.12,18.45,16.473214285714285,10.0,20.0,0.0,60.0,10.0
393,1.37,19.15,13.97810218978102,10.0,20.0,0.0,70.0,0.0
394,-0.010000000000000009,26.0,2599.9999999999977,10.0,20.0,10.0,0.0,60.0
395,0.31999999999999995,21.44,67.00000000000001,10.0,20.0,10.0,10.0,50.0
396,0.64,16.94,26.46875,10.0,20.0,10.0,20.0,40.0
397,0.9400000000000001,16.19,17.22340425531915,10.0,20.0,10.0,30.0,30.0
398,1.2200000000000002,16.79,13.76229508196721,10.0,20.0,10.0,40.0,20.0
399,1.48,17.48,11.81081081081081,10.0,20.0,10.0,50.0,10.0
400,1.73,18.18,10.508670520231213,10.0,20.0,10.0,60.0,0.0
401,0.6900000000000001,20.04,29.043478260869563,10.0,20.0,20.0,0.0,50.0
402,0.9999999999999999,15.46,15.460000000000003,10.0,20.0,20.0,10.0,40.0
403,1.2999999999999998,15.26,11.73846153846154,10.0,20.0,20.0,20.0,30.0
404,1.58,15.83,10.018987341772151,10.0,20.0,20.0,30.0,20.0
405,1.8400000000000003,16.52,8.978260869565215,10.0,20.0,20.0,40.0,10.0
406,2.0900000000000003,17.21,8.23444976076555,10.0,20.0,20.0,50.0,0.0
407,1.3599999999999999,14.25,10.477941176470589,10.0,20.0,30.0,0.0,40.0
408,1.6600000000000001,14.33,8.632530120481928,10.0,20.0,30.0,10.0,30.0
409,1.94,14.87,7.664948453608247,10.0,20.0,30.0,20.0,20.0
410,2.2,15.56,7.072727272727272,10.0,20.0,30.0,30.0,10.0
411,2.45,16.25,6.632653061224489,10.0,20.0,30.0,40.0,0.0
412,2.02,13.46,6.663366336633664,10.0,20.0,40.0,0.0,30.0
413,2.3000000000000003,13.91,6.047826086956521,10.0,20.0,40.0,10.0,20.0
414,2.56,14.6,5.703125,10.0,20.0,40.0,20.0,10.0
415,2.81,15.29,5.4412811387900355,10.0,20.0,40.0,30.0,0.0
416,2.66,12.98,4.879699248120301,10.0,20.0,50.0,0.0,20.0
417,2.92,13.64,4.671232876712329,10.0,20.0,50.0,10.0,10.0
418,3.17,14.32,4.517350157728707,10.0,20.0,50.0,20.0,0.0
419,3.2800000000000002,12.68,3.865853658536585,10.0,20.0,60.0,0.0,10.0
420,3.52,13.37,3.798295454545454,10.0,20.0,60.0,10.0,0.0
421,3.8800000000000003,12.41,3.1984536082474224,10.0,20.0,70.0,0.0,0.0
422,-0.43000000000000005,29.62,68.88372093023256,10.0,30.0,0.0,0.0,60.0
423,-0.09000000000000002,25.14,279.33333333333326,10.0,30.0,0.0,10.0,50.0
424,0.24,20.55,85.625,10.0,30.0,0.0,20.0,40.0
425,0.5399999999999999,18.6,34.44444444444445,10.0,30.0,0.0,30.0,30.0
426,0.83,19.3,23.253012048192772,10.0,30.0,0.0,40.0,20.0
427,1.1099999999999999,20.0,18.01801801801802,10.0,30.0,0.0,50.0,10.0
428,1.37,20.71,15.116788321167883,10.0,30.0,0.0,60.0,0.0
429,0.28,23.7,84.64285714285714,10.0,30.0,10.0,0.0,50.0
430,0.6,19.12,31.86666666666667,10.0,30.0,10.0,10.0,40.0
431,0.91,17.64,19.384615384615383,10.0,30.0,10.0,20.0,30.0
432,1.2000000000000002,18.33,15.274999999999997,10.0,30.0,10.0,30.0,20.0
433,1.4700000000000002,19.03,12.945578231292517,10.0,30.0,10.0,40.0,10.0
434,1.73,19.74,11.410404624277456,10.0,30.0,10.0,50.0,0.0
435,0.9700000000000001,17.91,18.463917525773194,10.0,30.0,20.0,0.0,40.0
436,1.2799999999999998,17.38,13.578125000000002,10.0,30.0,20.0,10.0,30.0
437,1.56,17.37,11.134615384615385,10.0,30.0,20.0,20.0,20.0
438,1.8400000000000003,18.07,9.820652173913041,10.0,30.0,20.0,30.0,10.0
439,2.0900000000000003,18.77,8.980861244019136,10.0,30.0,20.0,40.0,0.0
440,1.6400000000000001,17.15,10.45731707317073,10.0,30.0,30.0,0.0,30.0
441,1.9300000000000002,16.64,8.621761658031089,10.0,30.0,30.0,10.0,20.0
442,2.2,17.1,7.7727272727272725,10.0,30.0,30.0,20.0,10.0
443,2.46,17.8,7.235772357723578,10.0,30.0,30.0,30.0,0.0
444,2.29,16.43,7.174672489082969,10.0,30.0,40.0,0.0,20.0
445,2.56,16.14,6.3046875,10.0,30.0,40.0,10.0,10.0
446,2.8200000000000003,16.83,5.968085106382977,10.0,30.0,40.0,20.0,0.0
447,2.92,15.73,5.386986301369864,10.0,30.0,50.0,0.0,10.0
448,3.18,15.87,4.9905660377358485,10.0,30.0,50.0,10.0,0.0
449,3.54,15.07,4.257062146892656,10.0,30.0,60.0,0.0,0.0
450,-0.16000000000000003,27.54,172.12499999999997,10.0,40.0,0.0,0.0,50.0
451,0.16999999999999993,23.05,135.5882352941177,10.0,40.0,0.0,10.0,40.0
452,0.49,21.19,43.244897959183675,10.0,40.0,0.0,20.0,30.0
453,0.7899999999999999,20.85,26.392405063291143,10.0,40.0,0.0,30.0,20.0
454,1.0699999999999998,21.56,20.149532710280376,10.0,40.0,0.0,40.0,10.0
455,1.3399999999999999,22.26,16.611940298507466,10.0,40.0,0.0,50.0,0.0
456,0.5399999999999999,21.69,40.16666666666667,10.0,40.0,10.0,0.0,40.0
457,0.86,20.97,24.383720930232556,10.0,40.0,10.0,10.0,30.0
458,1.1600000000000001,20.44,17.620689655172413,10.0,40.0,10.0,20.0,20.0
459,1.44,20.58,14.291666666666666,10.0,40.0,10.0,30.0,10.0
460,1.71,21.29,12.450292397660819,10.0,40.0,10.0,40.0,0.0
461,1.23,20.74,16.861788617886177,10.0,40.0,20.0,0.0,30.0
462,1.5299999999999998,20.22,13.215686274509805,10.0,40.0,20.0,10.0,20.0
463,1.81,19.72,10.89502762430939,10.0,40.0,20.0,20.0,10.0
464,2.0700000000000003,20.32,9.816425120772946,10.0,40.0,20.0,30.0,0.0
465,1.8900000000000001,19.99,10.576719576719576,10.0,40.0,30.0,0.0,20.0
466,2.17,19.51,8.990783410138249,10.0,40.0,30.0,10.0,10.0
467,2.44,19.35,7.930327868852459,10.0,40.0,30.0,20.0,0.0
468,2.54,19.29,7.594488188976378,10.0,40.0,40.0,0.0,10.0
469,2.8000000000000003,18.97,6.774999999999999,10.0,40.0,40.0,10.0,0.0
470,3.17,18.76,5.917981072555206,10.0,40.0,50.0,0.0,0.0
471,0.08999999999999997,25.53,283.6666666666668,10.0,50.0,0.0,0.0,40.0
472,0.41000000000000003,24.41,59.536585365853654,10.0,50.0,0.0,10.0,30.0
473,0.7200000000000001,23.89,33.18055555555555,10.0,50.0,0.0,20.0,20.0
474,1.0099999999999998,23.37,23.138613861386144,10.0,50.0,0.0,30.0,10.0
475,1.29,23.88,18.51162790697674,10.0,50.0,0.0,40.0,0.0
476,0.7899999999999999,24.18,30.607594936708864,10.0,50.0,10.0,0.0,30.0
477,1.0899999999999999,23.66,21.706422018348626,10.0,50.0,10.0,10.0,20.0
478,1.38,23.15,16.77536231884058,10.0,50.0,10.0,20.0,10.0
479,1.6600000000000001,23.0,13.855421686746986,10.0,50.0,10.0,30.0,0.0
480,1.46,23.43,16.04794520547945,10.0,50.0,20.0,0.0,20.0
481,1.75,22.93,13.102857142857143,10.0,50.0,20.0,10.0,10.0
482,2.0300000000000002,22.79,11.226600985221673,10.0,50.0,20.0,20.0,0.0
483,2.12,22.71,10.712264150943396,10.0,50.0,30.0,0.0,10.0
484,2.4,22.58,9.408333333333333,10.0,50.0,30.0,10.0,0.0
485,2.7600000000000002,22.37,8.105072463768115,10.0,50.0,40.0,0.0,0.0
486,0.30999999999999994,27.49,88.67741935483872,10.0,60.0,0.0,0.0,30.0
487,0.63,26.97,42.80952380952381,10.0,60.0,0.0,10.0,20.0
488,0.93,26.45,28.44086021505376,10.0,60.0,0.0,20.0,10.0
489,1.21,26.47,21.876033057851238,10.0,60.0,0.0,30.0,0.0
490,1.0099999999999998,26.74,26.47524752475248,10.0,60.0,10.0,0.0,20.0
491,1.2999999999999998,26.23,20.17692307692308,10.0,60.0,10.0,10.0,10.0
492,1.5899999999999999,26.26,16.515723270440255,10.0,60.0,10.0,20.0,0.0
493,1.6800000000000002,26.0,15.476190476190474,10.0,60.0,20.0,0.0,10.0
494,1.96,26.04,13.285714285714285,10.0,60.0,20.0,10.0,0.0
495,2.33,25.83,11.085836909871244,10.0,60.0,30.0,0.0,0.0
496,0.51,29.92,58.66666666666667,10.0,70.0,0.0,0.0,20.0
497,0.82,29.41,35.86585365853659,10.0,70.0,0.0,10.0,10.0
498,1.12,29.58,26.41071428571428,10.0,70.0,0.0,20.0,0.0
499,1.2000000000000002,29.19,24.324999999999996,10.0,70.0,10.0,0.0,10.0
500,1.4899999999999998,29.37,19.71140939597316,10.0,70.0,10.0,10.0,0.0
501,1.87,29.16,15.593582887700533,10.0,70.0,20.0,0.0,0.0
502,0.6900000000000001,32.25,46.7391304347826,10.0,80.0,0.0,0.0,10.0
503,0.9899999999999999,32.58,32.909090909090914,10.0,80.0,0.0,10.0,0.0
504,1.37,32.36,23.620437956204377,10.0,80.0,10.0,0.0,0.0
505,0.84,35.45,42.202380952380956,10.0,90.0,0.0,0.0,0.0
506,-0.33,29.98,90.84848484848484,20.0,0.0,0.0,0.0,80.0
507,0.009999999999999953,25.45,2545.000000000012,20.0,0.0,0.0,10.0,70.0
508,0.33999999999999997,21.07,61.97058823529412,20.0,0.0,0.0,20.0,60.0
509,0.64,16.6,25.9375,20.0,0.0,0.0,30.0,50.0
510,0.93,15.46,16.623655913978496,20.0,0.0,0.0,40.0,40.0
511,1.2000000000000002,15.96,13.299999999999999,20.0,0.0,0.0,50.0,30.0
512,1.46,16.48,11.287671232876713,20.0,0.0,0.0,60.0,20.0
513,1.7000000000000002,16.99,9.994117647058822,20.0,0.0,0.0,70.0,10.0
514,1.9300000000000002,17.69,9.16580310880829,20.0,0.0,0.0,80.0,0.0
515,0.38,24.17,63.60526315789474,20.0,0.0,10.0,0.0,70.0
516,0.7000000000000001,19.66,28.085714285714282,20.0,0.0,10.0,10.0,60.0
517,0.9999999999999999,15.12,15.120000000000001,20.0,0.0,10.0,20.0,50.0
518,1.29,14.53,11.263565891472867,20.0,0.0,10.0,30.0,40.0
519,1.56,15.04,9.64102564102564,20.0,0.0,10.0,40.0,30.0
520,1.8200000000000003,15.54,8.538461538461537,20.0,0.0,10.0,50.0,20.0
521,2.06,16.05,7.79126213592233,20.0,0.0,10.0,60.0,10.0
522,2.2800000000000002,16.72,7.333333333333332,20.0,0.0,10.0,70.0,0.0
523,1.06,18.22,17.188679245283016,20.0,0.0,20.0,0.0,60.0
524,1.3599999999999999,14.09,10.36029411764706,20.0,0.0,20.0,10.0,50.0
525,1.65,13.61,8.248484848484848,20.0,0.0,20.0,20.0,40.0
526,1.92,14.11,7.348958333333333,20.0,0.0,20.0,30.0,30.0
527,2.18,14.61,6.70183486238532,20.0,0.0,20.0,40.0,20.0
528,2.42,15.12,6.24793388429752,20.0,0.0,20.0,50.0,10.0
529,2.64,15.76,5.96969696969697,20.0,0.0,20.0,60.0,0.0
530,1.7200000000000002,13.8,8.023255813953488,20.0,0.0,30.0,0.0,50.0
531,2.0100000000000002,12.7,6.3184079601990035,20.0,0.0,30.0,10.0,40.0
532,2.2800000000000002,13.19,5.785087719298245,20.0,0.0,30.0,20.0,30.0
533,2.5300000000000002,13.69,5.411067193675889,20.0,0.0,30.0,30.0,20.0
534,2.77,14.19,5.122743682310469,20.0,0.0,30.0,40.0,10.0
535,3.0,14.8,4.933333333333334,20.0,0.0,30.0,50.0,0.0
536,2.37,11.84,4.995780590717299,20.0,0.0,40.0,0.0,40.0
537,2.64,12.27,4.6477272727272725,20.0,0.0,40.0,10.0,30.0
538,2.89,12.76,4.41522491349481,20.0,0.0,40.0,20.0,20.0
539,3.13,13.26,4.236421725239617,20.0,0.0,40.0,30.0,10.0
540,3.36,13.84,4.1190476190476195,20.0,0.0,40.0,40.0,0.0
541,3.0,11.36,3.7866666666666666,20.0,0.0,50.0,0.0,30.0
542,3.25,11.84,3.643076923076923,20.0,0.0,50.0,10.0,20.0
543,3.49,12.33,3.5329512893982806,20.0,0.0,50.0,20.0,10.0
544,3.7100000000000004,12.88,3.471698113207547,20.0,0.0,50.0,30.0,0.0
545,3.61,10.92,3.0249307479224377,20.0,0.0,60.0,0.0,20.0
546,3.8400000000000003,11.41,2.9713541666666665,20.0,0.0,60.0,10.0,10.0
547,4.069999999999999,11.92,2.928746928746929,20.0,0.0,60.0,20.0,0.0
548,4.199999999999999,10.49,2.497619047619048,20.0,0.0,70.0,0.0,10.0
549,4.42,10.98,2.484162895927602,20.0,0.0,70.0,10.0,0.0
550,4.779999999999999,10.05,2.1025104602510463,20.0,0.0,80.0,0.0,0.0
551,-0.020000000000000018,27.42,1370.9999999999989,20.0,10.0,0.0,0.0,70.0
552,0.31999999999999995,22.94,71.68750000000001,20.0,10.0,0.0,10.0,60.0
553,0.63,18.5,29.365079365079364,20.0,10.0,0.0,20.0,50.0
554,0.93,16.79,18.053763440860212,20.0,10.0,0.0,30.0,40.0
555,1.21,17.31,14.305785123966942,20.0,10.0,0.0,40.0,30.0
556,1.48,17.84,12.054054054054054,20.0,10.0,0.0,50.0,20.0
557,1.73,18.54,10.716763005780347,20.0,10.0,0.0,60.0,10.0
558,1.96,19.24,9.816326530612244,20.0,10.0,0.0,70.0,0.0
559,0.68,21.56,31.705882352941174,20.0,10.0,10.0,0.0,60.0
560,0.9999999999999999,17.06,17.060000000000002,20.0,10.0,10.0,10.0,50.0
561,1.29,15.86,12.294573643410851,20.0,10.0,10.0,20.0,40.0
562,1.5699999999999998,16.37,10.42675159235669,20.0,10.0,10.0,30.0,30.0
563,1.8400000000000003,16.89,9.179347826086955,20.0,10.0,10.0,40.0,20.0
564,2.0900000000000003,17.58,8.411483253588514,20.0,10.0,10.0,50.0,10.0
565,2.3200000000000003,18.27,7.874999999999999,20.0,10.0,10.0,60.0,0.0
566,1.3599999999999999,15.6,11.470588235294118,20.0,10.0,20.0,0.0,50.0
567,1.6600000000000001,14.94,8.999999999999998,20.0,10.0,20.0,10.0,40.0
568,1.94,15.45,7.963917525773196,20.0,10.0,20.0,20.0,30.0
569,2.2,15.95,7.249999999999999,20.0,10.0,20.0,30.0,20.0
570,2.45,16.61,6.779591836734693,20.0,10.0,20.0,40.0,10.0
571,2.68,17.31,6.458955223880596,20.0,10.0,20.0,50.0,0.0
572,2.02,14.04,6.9504950495049505,20.0,10.0,30.0,0.0,40.0
573,2.3000000000000003,14.52,6.313043478260869,20.0,10.0,30.0,10.0,30.0
574,2.56,15.02,5.8671875,20.0,10.0,30.0,20.0,20.0
575,2.81,15.65,5.569395017793594,20.0,10.0,30.0,30.0,10.0
576,3.04,16.34,5.375,20.0,10.0,30.0,40.0,0.0
577,2.66,13.59,5.109022556390977,20.0,10.0,40.0,0.0,30.0
578,2.92,14.09,4.825342465753424,20.0,10.0,40.0,10.0,20.0
579,3.17,14.69,4.634069400630914,20.0,10.0,40.0,20.0,10.0
580,3.4,15.38,4.523529411764706,20.0,10.0,40.0,30.0,0.0
581,3.2800000000000002,13.17,4.015243902439024,20.0,10.0,50.0,0.0,20.0
582,3.5300000000000002,13.74,3.892351274787535,20.0,10.0,50.0,10.0,10.0
583,3.7600000000000002,14.42,3.835106382978723,20.0,10.0,50.0,20.0,0.0
584,3.89,12.78,3.2853470437017993,20.0,10.0,60.0,0.0,10.0
585,4.119999999999999,13.46,3.266990291262137,20.0,10.0,60.0,10.0,0.0
586,4.4799999999999995,12.51,2.7924107142857144,20.0,10.0,70.0,0.0,0.0
587,0.27,25.13,93.07407407407406,20.0,20.0,0.0,0.0,60.0
588,0.6,20.53,34.21666666666667,20.0,20.0,0.0,10.0,50.0
589,0.91,18.13,19.92307692307692,20.0,20.0,0.0,20.0,40.0
590,1.2000000000000002,18.69,15.575,20.0,20.0,0.0,30.0,30.0
591,1.4700000000000002,19.39,13.19047619047619,20.0,20.0,0.0,40.0,20.0
592,1.73,20.09,11.61271676300578,20.0,20.0,0.0,50.0,10.0
593,1.9700000000000002,20.8,10.558375634517766,20.0,20.0,0.0,60.0,0.0
594,0.9700000000000001,19.09,19.680412371134018,20.0,20.0,10.0,0.0,50.0
595,1.27,17.2,13.543307086614172,20.0,20.0,10.0,10.0,40.0
596,1.56,17.73,11.365384615384615,20.0,20.0,10.0,20.0,30.0
597,1.8400000000000003,18.43,10.016304347826086,20.0,20.0,10.0,30.0,20.0
598,2.0900000000000003,19.13,9.153110047846889,20.0,20.0,10.0,40.0,10.0
599,2.3400000000000003,19.83,8.474358974358973,20.0,20.0,10.0,50.0,0.0
600,1.6400000000000001,16.27,9.920731707317072,20.0,20.0,20.0,0.0,40.0
601,1.9300000000000002,16.79,8.699481865284973,20.0,20.0,20.0,10.0,30.0
602,2.2,17.46,7.9363636363636365,20.0,20.0,20.0,20.0,20.0
603,2.46,18.16,7.382113821138211,20.0,20.0,20.0,30.0,10.0
604,2.7,18.86,6.985185185185185,20.0,20.0,20.0,40.0,0.0
605,2.29,15.86,6.925764192139738,20.0,20.0,30.0,0.0,30.0
606,2.56,16.5,6.4453125,20.0,20.0,30.0,10.0,20.0
607,2.8200000000000003,17.2,6.0992907801418434,20.0,20.0,30.0,20.0,10.0
608,3.06,17.89,5.84640522875817,20.0,20.0,30.0,30.0,0.0
609,2.93,15.54,5.3037542662116035,20.0,20.0,40.0,0.0,20.0
610,3.18,16.23,5.10377358490566,20.0,20.0,40.0,10.0,10.0
611,3.43,16.93,4.9358600583090375,20.0,20.0,40.0,20.0,0.0
612,3.5500000000000003,15.28,4.304225352112676,20.0,20.0,50.0,0.0,10.0
613,3.7900000000000005,15.97,4.213720316622691,20.0,20.0,50.0,10.0,0.0
614,4.1499999999999995,15.01,3.6168674698795185,20.0,20.0,60.0,0.0,0.0
615,0.5399999999999999,23.0,42.592592592592595,20.0,30.0,0.0,0.0,50.0
616,0.86,19.54,22.72093023255814,20.0,30.0,0.0,10.0,40.0
617,1.1600000000000001,20.24,17.44827586206896,20.0,30.0,0.0,20.0,30.0
618,1.44,20.94,14.541666666666668,20.0,30.0,0.0,30.0,20.0
619,1.71,21.64,12.654970760233919,20.0,30.0,0.0,40.0,10.0
620,1.96,22.35,11.403061224489797,20.0,30.0,0.0,50.0,0.0
621,1.23,19.24,15.642276422764226,20.0,30.0,10.0,0.0,40.0
622,1.5299999999999998,19.27,12.594771241830067,20.0,30.0,10.0,10.0,30.0
623,1.81,19.97,11.033149171270717,20.0,30.0,10.0,20.0,20.0
624,2.08,20.67,9.9375,20.0,30.0,10.0,30.0,10.0
625,2.33,21.38,9.17596566523605,20.0,30.0,10.0,40.0,0.0
626,1.9,18.48,9.726315789473684,20.0,30.0,20.0,0.0,30.0
627,2.18,19.01,8.720183486238533,20.0,30.0,20.0,10.0,20.0
628,2.44,19.71,8.077868852459018,20.0,30.0,20.0,20.0,10.0
629,2.69,20.41,7.587360594795539,20.0,30.0,20.0,30.0,0.0
630,2.54,18.05,7.106299212598425,20.0,30.0,30.0,0.0,20.0
631,2.81,18.74,6.6690391459074725,20.0,30.0,30.0,10.0,10.0
632,3.06,19.44,6.352941176470589,20.0,30.0,30.0,20.0,0.0
633,3.17,17.78,5.608832807570979,20.0,30.0,40.0,0.0,10.0
634,3.42,18.47,5.400584795321637,20.0,30.0,40.0,10.0,0.0
635,3.7900000000000005,17.51,4.620052770448549,20.0,30.0,50.0,0.0,0.0
636,0.7899999999999999,22.77,28.822784810126585,20.0,40.0,0.0,0.0,40.0
637,1.1,22.24,20.218181818181815,20.0,40.0,0.0,10.0,30.0
638,1.3900000000000001,22.49,16.17985611510791,20.0,40.0,0.0,20.0,20.0
639,1.6600000000000001,23.2,13.97590361445783,20.0,40.0,0.0,30.0,10.0
640,1.92,23.91,12.453125,20.0,40.0,0.0,40.0,0.0
641,1.4700000000000002,22.01,14.972789115646258,20.0,40.0,10.0,0.0,30.0
642,1.7600000000000002,21.52,12.227272727272725,20.0,40.0,10.0,10.0,20.0
643,2.0300000000000002,22.23,10.950738916256157,20.0,40.0,10.0,20.0,10.0
644,2.29,22.93,10.013100436681222,20.0,40.0,10.0,30.0,0.0
645,2.13,21.27,9.985915492957746,20.0,40.0,20.0,0.0,20.0
646,2.4,21.26,8.858333333333334,20.0,40.0,20.0,10.0,10.0
647,2.66,21.96,8.25563909774436,20.0,40.0,20.0,20.0,0.0
648,2.77,20.54,7.415162454873646,20.0,40.0,30.0,0.0,10.0
649,3.0300000000000002,20.99,6.927392739273927,20.0,40.0,30.0,10.0,0.0
650,3.4,20.23,5.95,20.0,40.0,40.0,0.0,0.0
651,1.0099999999999998,25.4,25.148514851485153,20.0,50.0,0.0,0.0,30.0
652,1.31,24.88,18.992366412213737,20.0,50.0,0.0,10.0,20.0
653,1.5899999999999999,24.75,15.566037735849058,20.0,50.0,0.0,20.0,10.0
654,1.8599999999999999,25.47,13.693548387096774,20.0,50.0,0.0,30.0,0.0
655,1.6800000000000002,24.66,14.678571428571427,20.0,50.0,10.0,0.0,20.0
656,1.9700000000000002,24.15,12.258883248730962,20.0,50.0,10.0,10.0,10.0
657,2.23,24.49,10.982062780269057,20.0,50.0,10.0,20.0,0.0
658,2.3400000000000003,23.92,10.222222222222221,20.0,50.0,20.0,0.0,10.0
659,2.61,24.0,9.195402298850576,20.0,50.0,20.0,10.0,0.0
660,2.98,23.78,7.979865771812081,20.0,50.0,30.0,0.0,0.0
661,1.21,27.91,23.06611570247934,20.0,60.0,0.0,0.0,20.0
662,1.5,27.4,18.266666666666666,20.0,60.0,0.0,10.0,10.0
663,1.7800000000000002,27.64,15.528089887640448,20.0,60.0,0.0,20.0,0.0
664,1.88,27.18,14.457446808510639,20.0,60.0,10.0,0.0,10.0
665,2.15,27.42,12.753488372093024,20.0,60.0,10.0,10.0,0.0
666,2.5300000000000002,27.21,10.75494071146245,20.0,60.0,20.0,0.0,0.0
667,1.38,30.31,21.96376811594203,20.0,70.0,0.0,0.0,10.0
668,1.67,30.71,18.38922155688623,20.0,70.0,0.0,10.0,0.0
669,2.0500000000000003,30.49,14.873170731707315,20.0,70.0,10.0,0.0,0.0
670,1.5299999999999998,33.65,21.993464052287585,20.0,80.0,0.0,0.0,0.0
671,0.66,23.08,34.96969696969697,30.0,0.0,0.0,0.0,70.0
672,0.9799999999999999,18.69,19.071428571428577,30.0,0.0,0.0,10.0,60.0
673,1.2799999999999998,16.46,12.859375000000002,30.0,0.0,0.0,20.0,50.0
674,1.56,16.97,10.878205128205128,30.0,0.0,0.0,30.0,40.0
675,1.83,17.49,9.557377049180326,30.0,0.0,0.0,40.0,30.0
676,2.08,18.0,8.653846153846153,30.0,0.0,0.0,50.0,20.0
677,2.31,18.63,8.064935064935064,30.0,0.0,0.0,60.0,10.0
678,2.54,19.33,7.61023622047244,30.0,0.0,0.0,70.0,0.0
679,1.3399999999999999,17.25,12.87313432835821,30.0,0.0,10.0,0.0,60.0
680,1.6400000000000001,15.54,9.47560975609756,30.0,0.0,10.0,10.0,50.0
681,1.92,16.05,8.359375,30.0,0.0,10.0,20.0,40.0
682,2.19,16.56,7.561643835616438,30.0,0.0,10.0,30.0,30.0
683,2.44,17.07,6.995901639344263,30.0,0.0,10.0,40.0,20.0
684,2.68,17.67,6.593283582089552,30.0,0.0,10.0,50.0,10.0
685,2.9,18.37,6.33448275862069,30.0,0.0,10.0,60.0,0.0
686,2.0,14.68,7.34,30.0,0.0,20.0,0.0,50.0
687,2.29,15.12,6.602620087336244,30.0,0.0,20.0,10.0,40.0
688,2.5500000000000003,15.63,6.129411764705882,30.0,0.0,20.0,20.0,30.0
689,2.8000000000000003,16.14,5.764285714285714,30.0,0.0,20.0,30.0,20.0
690,3.04,16.71,5.496710526315789,30.0,0.0,20.0,40.0,10.0
691,3.2600000000000002,17.4,5.337423312883435,30.0,0.0,20.0,50.0,0.0
692,2.65,14.2,5.3584905660377355,30.0,0.0,30.0,0.0,40.0
693,2.91,14.7,5.051546391752577,30.0,0.0,30.0,10.0,30.0
694,3.16,15.21,4.813291139240507,30.0,0.0,30.0,20.0,20.0
695,3.4,15.75,4.632352941176471,30.0,0.0,30.0,30.0,10.0
696,3.6199999999999997,16.44,4.541436464088399,30.0,0.0,30.0,40.0,0.0
697,3.27,13.78,4.2140672782874615,30.0,0.0,40.0,0.0,30.0
698,3.52,14.28,4.056818181818182,30.0,0.0,40.0,10.0,20.0
699,3.7600000000000002,14.79,3.933510638297872,30.0,0.0,40.0,20.0,10.0
700,3.98,15.48,3.8894472361809047,30.0,0.0,40.0,30.0,0.0
701,3.8800000000000003,13.36,3.4432989690721647,30.0,0.0,50.0,0.0,20.0
702,4.119999999999999,13.86,3.364077669902913,30.0,0.0,50.0,10.0,10.0
703,4.34,14.52,3.345622119815668,30.0,0.0,50.0,20.0,0.0
704,4.4799999999999995,12.93,2.8861607142857144,30.0,0.0,60.0,0.0,10.0
705,4.6899999999999995,13.56,2.891257995735608,30.0,0.0,60.0,10.0,0.0
706,5.05,12.61,2.497029702970297,30.0,0.0,70.0,0.0,0.0
707,0.9500000000000001,20.59,21.673684210526314,30.0,10.0,0.0,0.0,60.0
708,1.2599999999999998,17.8,14.12698412698413,30.0,10.0,0.0,10.0,50.0
709,1.5499999999999998,18.31,11.812903225806453,30.0,10.0,0.0,20.0,40.0
710,1.83,18.83,10.289617486338797,30.0,10.0,0.0,30.0,30.0
711,2.0900000000000003,19.48,9.320574162679424,30.0,10.0,0.0,40.0,20.0
712,2.33,20.18,8.660944206008583,30.0,10.0,0.0,50.0,10.0
713,2.56,20.89,8.16015625,30.0,10.0,0.0,60.0,0.0
714,1.63,16.89,10.361963190184051,30.0,10.0,10.0,0.0,50.0
715,1.92,17.38,9.052083333333334,30.0,10.0,10.0,10.0,40.0
716,2.19,17.9,8.173515981735159,30.0,10.0,10.0,20.0,30.0
717,2.45,18.52,7.559183673469387,30.0,10.0,10.0,30.0,20.0
718,2.69,19.22,7.144981412639405,30.0,10.0,10.0,40.0,10.0
719,2.92,19.92,6.821917808219179,30.0,10.0,10.0,50.0,0.0
720,2.2800000000000002,16.46,7.219298245614035,30.0,10.0,20.0,0.0,40.0
721,2.56,16.97,6.628906249999999,30.0,10.0,20.0,10.0,30.0
722,2.8200000000000003,17.56,6.226950354609928,30.0,10.0,20.0,20.0,20.0
723,3.06,18.25,5.9640522875816995,30.0,10.0,20.0,30.0,10.0
724,3.29,18.95,5.759878419452887,30.0,10.0,20.0,40.0,0.0
725,2.92,16.04,5.493150684931507,30.0,10.0,30.0,0.0,30.0
726,3.18,16.6,5.220125786163522,30.0,10.0,30.0,10.0,20.0
727,3.42,17.29,5.055555555555555,30.0,10.0,30.0,20.0,10.0
728,3.65,17.99,4.928767123287671,30.0,10.0,30.0,30.0,0.0
729,3.54,15.64,4.418079096045198,30.0,10.0,40.0,0.0,20.0
730,3.78,16.33,4.32010582010582,30.0,10.0,40.0,10.0,10.0
731,4.01,17.02,4.2443890274314215,30.0,10.0,40.0,20.0,0.0
732,4.1499999999999995,15.37,3.7036144578313257,30.0,10.0,50.0,0.0,10.0
733,4.369999999999999,16.06,3.6750572082379867,30.0,10.0,50.0,10.0,0.0
734,4.7299999999999995,15.1,3.192389006342495,30.0,10.0,60.0,0.0,0.0
735,1.2200000000000002,19.14,15.688524590163933,30.0,20.0,0.0,0.0,50.0
736,1.52,19.66,12.93421052631579,30.0,20.0,0.0,10.0,40.0
737,1.8000000000000003,20.33,11.294444444444443,30.0,20.0,0.0,20.0,30.0
738,2.0700000000000003,21.03,10.159420289855072,30.0,20.0,0.0,30.0,20.0
739,2.3200000000000003,21.73,9.366379310344827,30.0,20.0,0.0,40.0,10.0
740,2.56,22.44,8.765625,30.0,20.0,0.0,50.0,0.0
741,1.8900000000000001,18.73,9.91005291005291,30.0,20.0,10.0,0.0,40.0
742,2.17,19.36,8.921658986175116,30.0,20.0,10.0,10.0,30.0
743,2.44,20.06,8.221311475409836,30.0,20.0,10.0,20.0,20.0
744,2.69,20.76,7.717472118959108,30.0,20.0,10.0,30.0,10.0
745,2.93,21.47,7.327645051194539,30.0,20.0,10.0,40.0,0.0
746,2.54,18.4,7.244094488188976,30.0,20.0,20.0,0.0,30.0
747,2.8000000000000003,19.1,6.821428571428571,30.0,20.0,20.0,10.0,20.0
748,3.06,19.8,6.470588235294118,30.0,20.0,20.0,20.0,10.0
749,3.29,20.5,6.231003039513678,30.0,20.0,20.0,30.0,0.0
750,3.17,18.14,5.722397476340694,30.0,20.0,30.0,0.0,20.0
751,3.42,18.83,5.5058479532163735,30.0,20.0,30.0,10.0,10.0
752,3.6599999999999997,19.53,5.336065573770493,30.0,20.0,30.0,20.0,0.0
753,3.7900000000000005,17.87,4.715039577836412,30.0,20.0,40.0,0.0,10.0
754,4.02,18.57,4.619402985074627,30.0,20.0,40.0,10.0,0.0
755,4.39,17.6,4.009111617312073,30.0,20.0,50.0,0.0,0.0
756,1.46,21.17,14.500000000000002,30.0,30.0,0.0,0.0,40.0
757,1.75,21.87,12.497142857142858,30.0,30.0,0.0,10.0,30.0
758,2.0300000000000002,22.58,11.123152709359603,30.0,30.0,0.0,20.0,20.0
759,2.29,23.28,10.16593886462882,30.0,30.0,0.0,30.0,10.0
760,2.54,23.99,9.44488188976378,30.0,30.0,0.0,40.0,0.0
761,2.13,20.91,9.816901408450704,30.0,30.0,10.0,0.0,30.0
762,2.4,21.61,9.004166666666666,30.0,30.0,10.0,10.0,20.0
763,2.66,22.31,8.387218045112782,30.0,30.0,10.0,20.0,10.0
764,2.91,23.02,7.910652920962199,30.0,30.0,10.0,30.0,0.0
765,2.77,20.64,7.451263537906137,30.0,30.0,20.0,0.0,20.0
766,3.0300000000000002,21.35,7.046204620462046,30.0,30.0,20.0,10.0,10.0
767,3.27,22.05,6.743119266055046,30.0,30.0,20.0,20.0,0.0
768,3.4,20.38,5.9941176470588236,30.0,30.0,30.0,0.0,10.0
769,3.64,21.08,5.79120879120879,30.0,30.0,30.0,10.0,0.0
770,4.01,20.11,5.014962593516209,30.0,30.0,40.0,0.0,0.0
771,1.6800000000000002,23.42,13.94047619047619,30.0,40.0,0.0,0.0,30.0
772,1.9700000000000002,24.13,12.248730964467004,30.0,40.0,0.0,10.0,20.0
773,2.23,24.84,11.139013452914797,30.0,40.0,0.0,20.0,10.0
774,2.49,25.55,10.261044176706827,30.0,40.0,0.0,30.0,0.0
775,2.3400000000000003,23.16,9.897435897435896,30.0,40.0,10.0,0.0,20.0
776,2.61,23.86,9.14176245210728,30.0,40.0,10.0,10.0,10.0
777,2.86,24.58,8.594405594405595,30.0,40.0,10.0,20.0,0.0
778,2.98,22.89,7.681208053691275,30.0,40.0,20.0,0.0,10.0
779,3.23,23.6,7.306501547987617,30.0,40.0,20.0,10.0,0.0
780,3.6,22.63,6.2861111111111105,30.0,40.0,30.0,0.0,0.0
781,1.88,25.86,13.75531914893617,30.0,50.0,0.0,0.0,20.0
782,2.15,26.39,12.274418604651164,30.0,50.0,0.0,10.0,10.0
783,2.41,27.11,11.248962655601659,30.0,50.0,0.0,20.0,0.0
784,2.5300000000000002,25.42,10.047430830039525,30.0,50.0,10.0,0.0,10.0
785,2.79,26.13,9.365591397849462,30.0,50.0,10.0,10.0,0.0
786,3.17,25.22,7.95583596214511,30.0,50.0,20.0,0.0,0.0
787,2.0500000000000003,28.34,13.824390243902437,30.0,60.0,0.0,0.0,10.0
788,2.3200000000000003,28.8,12.413793103448274,30.0,60.0,0.0,10.0,0.0
789,2.7,28.58,10.585185185185184,30.0,60.0,10.0,0.0,0.0
790,2.2,31.81,14.459090909090907,30.0,70.0,0.0,0.0,0.0
791,1.6,17.51,10.94375,40.0,0.0,0.0,0.0,60.0
792,1.8900000000000001,17.97,9.507936507936506,40.0,0.0,0.0,10.0,50.0
793,2.17,18.49,8.52073732718894,40.0,0.0,0.0,20.0,40.0
794,2.43,19.01,7.823045267489712,40.0,0.0,0.0,30.0,30.0
795,2.68,19.57,7.302238805970149,40.0,0.0,0.0,40.0,20.0
796,2.91,20.27,6.965635738831614,40.0,0.0,0.0,50.0,10.0
797,3.13,20.98,6.702875399361023,40.0,0.0,0.0,60.0,0.0
798,2.2600000000000002,17.05,7.544247787610619,40.0,0.0,10.0,0.0,50.0
799,2.54,17.56,6.913385826771653,40.0,0.0,10.0,10.0,40.0
800,2.8000000000000003,18.08,6.4571428571428555,40.0,0.0,10.0,20.0,30.0
801,3.04,18.61,6.121710526315789,40.0,0.0,10.0,30.0,20.0
802,3.27,19.31,5.905198776758409,40.0,0.0,10.0,40.0,10.0
803,3.49,20.01,5.73352435530086,40.0,0.0,10.0,50.0,0.0
804,2.9,16.64,5.737931034482759,40.0,0.0,20.0,0.0,40.0
805,3.16,17.15,5.427215189873417,40.0,0.0,20.0,10.0,30.0
806,3.41,17.66,5.178885630498534,40.0,0.0,20.0,20.0,20.0
807,3.64,18.35,5.041208791208791,40.0,0.0,20.0,30.0,10.0
808,3.85,19.04,4.945454545454545,40.0,0.0,20.0,40.0,0.0
809,3.5300000000000002,16.22,4.594900849858356,40.0,0.0,30.0,0.0,30.0
810,3.77,16.73,4.437665782493369,40.0,0.0,30.0,10.0,20.0
811,4.0,17.38,4.345,40.0,0.0,30.0,20.0,10.0
812,4.22,18.08,4.2843601895734595,40.0,0.0,30.0,30.0,0.0
813,4.13,15.8,3.825665859564165,40.0,0.0,40.0,0.0,20.0
814,4.359999999999999,16.42,3.7660550458715605,40.0,0.0,40.0,10.0,10.0
815,4.58,17.12,3.737991266375546,40.0,0.0,40.0,20.0,0.0
816,4.7299999999999995,15.47,3.2706131078224105,40.0,0.0,50.0,0.0,10.0
817,4.9399999999999995,16.16,3.271255060728745,40.0,0.0,50.0,10.0,0.0
818,5.3,15.2,2.8679245283018866,40.0,0.0,60.0,0.0,0.0
819,1.87,19.31,10.326203208556148,40.0,10.0,0.0,0.0,50.0
820,2.15,19.84,9.227906976744187,40.0,10.0,0.0,10.0,40.0
821,2.42,20.42,8.43801652892562,40.0,10.0,0.0,20.0,30.0
822,2.67,21.12,7.9101123595505625,40.0,10.0,0.0,30.0,20.0
823,2.91,21.82,7.498281786941581,40.0,10.0,0.0,40.0,10.0
824,3.14,22.53,7.17515923566879,40.0,10.0,0.0,50.0,0.0
825,2.52,18.9,7.499999999999999,40.0,10.0,10.0,0.0,40.0
826,2.79,19.46,6.974910394265233,40.0,10.0,10.0,10.0,30.0
827,3.04,20.15,6.62828947368421,40.0,10.0,10.0,20.0,20.0
828,3.2800000000000002,20.85,6.3567073170731705,40.0,10.0,10.0,30.0,10.0
829,3.5100000000000002,21.56,6.142450142450142,40.0,10.0,10.0,40.0,0.0
830,3.16,18.5,5.8544303797468356,40.0,10.0,20.0,0.0,30.0
831,3.41,19.19,5.627565982404692,40.0,10.0,20.0,10.0,20.0
832,3.65,19.89,5.449315068493151,40.0,10.0,20.0,20.0,10.0
833,3.8699999999999997,20.59,5.320413436692507,40.0,10.0,20.0,30.0,0.0
834,3.78,18.23,4.822751322751323,40.0,10.0,30.0,0.0,20.0
835,4.01,18.93,4.72069825436409,40.0,10.0,30.0,10.0,10.0
836,4.239999999999999,19.62,4.6273584905660385,40.0,10.0,30.0,20.0,0.0
837,4.38,17.96,4.100456621004566,40.0,10.0,40.0,0.0,10.0
838,4.6,18.66,4.056521739130435,40.0,10.0,40.0,10.0,0.0
839,4.97,17.7,3.561368209255533,40.0,10.0,50.0,0.0,0.0
840,2.11,21.26,10.075829383886257,40.0,20.0,0.0,0.0,40.0
841,2.39,21.96,9.188284518828452,40.0,20.0,0.0,10.0,30.0
842,2.65,22.66,8.550943396226415,40.0,20.0,0.0,20.0,20.0
843,2.89,23.37,8.086505190311419,40.0,20.0,0.0,30.0,10.0
844,3.13,24.08,7.693290734824281,40.0,20.0,0.0,40.0,0.0
845,2.7600000000000002,21.0,7.608695652173912,40.0,20.0,10.0,0.0,30.0
846,3.02,21.7,7.185430463576159,40.0,20.0,10.0,10.0,20.0
847,3.27,22.4,6.850152905198776,40.0,20.0,10.0,20.0,10.0
848,3.5,23.11,6.602857142857142,40.0,20.0,10.0,30.0,0.0
849,3.39,20.73,6.11504424778761,40.0,20.0,20.0,0.0,20.0
850,3.64,21.43,5.887362637362637,40.0,20.0,20.0,10.0,10.0
851,3.8699999999999997,22.14,5.72093023255814,40.0,20.0,20.0,20.0,0.0
852,4.0,20.47,5.1175,40.0,20.0,30.0,0.0,10.0
853,4.2299999999999995,21.17,5.004728132387708,40.0,20.0,30.0,10.0,0.0
854,4.6,20.2,4.391304347826087,40.0,20.0,40.0,0.0,0.0
855,2.33,23.5,10.085836909871244,40.0,30.0,0.0,0.0,30.0
856,2.6,24.21,9.311538461538461,40.0,30.0,0.0,10.0,20.0
857,2.85,24.92,8.743859649122808,40.0,30.0,0.0,20.0,10.0
858,3.0900000000000003,25.64,8.297734627831714,40.0,30.0,0.0,30.0,0.0
859,2.97,23.24,7.8249158249158235,40.0,30.0,10.0,0.0,20.0
860,3.23,23.95,7.4148606811145505,40.0,30.0,10.0,10.0,10.0
861,3.46,24.66,7.127167630057803,40.0,30.0,10.0,20.0,0.0
862,3.6,22.98,6.383333333333333,40.0,30.0,20.0,0.0,10.0
863,3.8400000000000003,23.69,6.169270833333333,40.0,30.0,20.0,10.0,0.0
864,4.21,22.72,5.396674584323041,40.0,30.0,30.0,0.0,0.0
865,2.52,25.76,10.222222222222223,40.0,40.0,0.0,0.0,20.0
866,2.7800000000000002,26.47,9.521582733812949,40.0,40.0,0.0,10.0,10.0
867,3.0300000000000002,27.19,8.973597359735974,40.0,40.0,0.0,20.0,0.0
868,3.16,25.5,8.069620253164556,40.0,40.0,10.0,0.0,10.0
869,3.41,26.21,7.686217008797654,40.0,40.0,10.0,10.0,0.0
870,3.78,25.24,6.677248677248677,40.0,40.0,20.0,0.0,0.0
871,2.69,28.03,10.42007434944238,40.0,50.0,0.0,0.0,10.0
872,2.95,28.75,9.745762711864407,40.0,50.0,0.0,10.0,0.0
873,3.33,27.77,8.33933933933934,40.0,50.0,10.0,0.0,0.0
874,2.8400000000000003,30.33,10.67957746478873,40.0,60.0,0.0,0.0,0.0
875,2.49,19.49,7.82730923694779,50.0,0.0,0.0,0.0,50.0
876,2.7600000000000002,20.01,7.25,50.0,0.0,0.0,10.0,40.0
877,3.02,20.54,6.801324503311258,50.0,0.0,0.0,20.0,30.0
878,3.2600000000000002,21.21,6.506134969325153,50.0,0.0,0.0,30.0,20.0
879,3.49,21.91,6.277936962750716,50.0,0.0,0.0,40.0,10.0
880,3.6999999999999997,22.62,6.113513513513515,50.0,0.0,0.0,50.0,0.0
881,3.13,19.08,6.095846645367412,50.0,0.0,10.0,0.0,40.0
882,3.39,19.6,5.781710914454277,50.0,0.0,10.0,10.0,30.0
883,3.6300000000000003,20.24,5.575757575757575,50.0,0.0,10.0,20.0,20.0
884,3.85,20.94,5.438961038961039,50.0,0.0,10.0,30.0,10.0
885,4.069999999999999,21.65,5.31941031941032,50.0,0.0,10.0,40.0,0.0
886,3.7600000000000002,18.67,4.965425531914894,50.0,0.0,20.0,0.0,30.0
887,4.0,19.28,4.82,50.0,0.0,20.0,10.0,20.0
888,4.22,19.98,4.734597156398105,50.0,0.0,20.0,20.0,10.0
889,4.43,20.68,4.668171557562077,50.0,0.0,20.0,30.0,0.0
890,4.359999999999999,18.32,4.201834862385322,50.0,0.0,30.0,0.0,20.0
891,4.59,19.02,4.143790849673203,50.0,0.0,30.0,10.0,10.0
892,4.8,19.72,4.108333333333333,50.0,0.0,30.0,20.0,0.0
893,4.949999999999999,18.06,3.648484848484849,50.0,0.0,40.0,0.0,10.0
894,5.159999999999999,18.75,3.633720930232559,50.0,0.0,40.0,10.0,0.0
895,5.529999999999999,17.79,3.216998191681736,50.0,0.0,50.0,0.0,0.0
896,2.74,21.36,7.795620437956203,50.0,10.0,0.0,0.0,40.0
897,3.0,22.05,7.3500000000000005,50.0,10.0,0.0,10.0,30.0
898,3.25,22.75,7.0,50.0,10.0,0.0,20.0,20.0
899,3.48,23.46,6.741379310344828,50.0,10.0,0.0,30.0,10.0
900,3.6999999999999997,24.17,6.532432432432433,50.0,10.0,0.0,40.0,0.0
901,3.37,21.09,6.258160237388724,50.0,10.0,10.0,0.0,30.0
902,3.6199999999999997,21.79,6.019337016574586,50.0,10.0,10.0,10.0,20.0
903,3.85,22.49,5.841558441558441,50.0,10.0,10.0,20.0,10.0
904,4.069999999999999,23.2,5.700245700245701,50.0,10.0,10.0,30.0,0.0
905,3.9899999999999998,20.82,5.218045112781955,50.0,10.0,20.0,0.0,20.0
906,4.22,21.52,5.099526066350711,50.0,10.0,20.0,10.0,10.0
907,4.4399999999999995,22.23,5.006756756756757,50.0,10.0,20.0,20.0,0.0
908,4.59,20.56,4.4793028322440085,50.0,10.0,30.0,0.0,10.0
909,4.81,21.26,4.41995841995842,50.0,10.0,30.0,10.0,0.0
910,5.18,20.29,3.916988416988417,50.0,10.0,40.0,0.0,0.0
911,2.95,23.59,7.996610169491525,50.0,20.0,0.0,0.0,30.0
912,3.21,24.3,7.570093457943925,50.0,20.0,0.0,10.0,20.0
913,3.45,25.01,7.249275362318841,50.0,20.0,0.0,20.0,10.0
914,3.6700000000000004,25.72,7.00817438692098,50.0,20.0,0.0,30.0,0.0
915,3.58,23.33,6.516759776536312,50.0,20.0,10.0,0.0,20.0
916,3.82,24.04,6.293193717277487,50.0,20.0,10.0,10.0,10.0
917,4.05,24.75,6.111111111111112,50.0,20.0,10.0,20.0,0.0
918,4.1899999999999995,23.07,5.505966587112172,50.0,20.0,20.0,0.0,10.0
919,4.42,23.78,5.380090497737557,50.0,20.0,20.0,10.0,0.0
920,4.79,22.81,4.762004175365345,50.0,20.0,30.0,0.0,0.0
921,3.15,25.84,8.203174603174604,50.0,30.0,0.0,0.0,20.0
922,3.39,26.56,7.83480825958702,50.0,30.0,0.0,10.0,10.0
923,3.6300000000000003,27.27,7.512396694214876,50.0,30.0,0.0,20.0,0.0
924,3.77,25.58,6.785145888594164,50.0,30.0,10.0,0.0,10.0
925,4.0,26.3,6.575,50.0,30.0,10.0,10.0,0.0
926,4.38,25.32,5.780821917808219,50.0,30.0,20.0,0.0,0.0
927,3.31,28.11,8.492447129909365,50.0,40.0,0.0,0.0,10.0
928,3.5500000000000003,28.83,8.12112676056338,50.0,40.0,0.0,10.0,0.0
929,3.93,27.85,7.086513994910941,50.0,40.0,10.0,0.0,0.0
930,3.46,30.38,8.780346820809248,50.0,50.0,0.0,0.0,0.0
931,3.3400000000000003,21.53,6.446107784431137,60.0,0.0,0.0,0.0,40.0
932,3.5900000000000003,22.14,6.167130919220055,60.0,0.0,0.0,10.0,30.0
933,3.82,22.84,5.979057591623037,60.0,0.0,0.0,20.0,20.0
934,4.04,23.54,5.826732673267326,60.0,0.0,0.0,30.0,10.0
935,4.25,24.25,5.705882352941177,60.0,0.0,0.0,40.0,0.0
936,3.9600000000000004,21.17,5.345959595959596,60.0,0.0,10.0,0.0,30.0
937,4.1899999999999995,21.87,5.219570405727924,60.0,0.0,10.0,10.0,20.0
938,4.409999999999999,22.58,5.120181405895692,60.0,0.0,10.0,20.0,10.0
939,4.619999999999999,23.28,5.03896103896104,60.0,0.0,10.0,30.0,0.0
940,4.56,20.91,4.585526315789474,60.0,0.0,20.0,0.0,20.0
941,4.779999999999999,21.61,4.520920502092051,60.0,0.0,20.0,10.0,10.0
942,4.989999999999999,22.31,4.470941883767535,60.0,0.0,20.0,20.0,0.0
943,5.1499999999999995,20.65,4.009708737864078,60.0,0.0,30.0,0.0,10.0
944,5.359999999999999,21.35,3.983208955223881,60.0,0.0,30.0,10.0,0.0
945,5.7299999999999995,20.39,3.55846422338569,60.0,0.0,40.0,0.0,0.0
946,3.56,23.68,6.651685393258427,60.0,10.0,0.0,0.0,30.0
947,3.8000000000000003,24.38,6.415789473684209,60.0,10.0,0.0,10.0,20.0
948,4.02,25.09,6.241293532338309,60.0,10.0,0.0,20.0,10.0
949,4.239999999999999,25.8,6.08490566037736,60.0,10.0,0.0,30.0,0.0
950,4.17,23.42,5.6163069544364514,60.0,10.0,10.0,0.0,20.0
951,4.3999999999999995,24.12,5.481818181818182,60.0,10.0,10.0,10.0,10.0
952,4.609999999999999,24.83,5.386117136659436,60.0,10.0,10.0,20.0,0.0
953,4.77,23.15,4.853249475890985,60.0,10.0,20.0,0.0,10.0
954,4.989999999999999,23.86,4.781563126252506,60.0,10.0,20.0,10.0,0.0
955,5.359999999999999,22.89,4.270522388059702,60.0,10.0,30.0,0.0,0.0
956,3.7500000000000004,25.93,6.914666666666665,60.0,20.0,0.0,0.0,20.0
957,3.98,26.64,6.693467336683417,60.0,20.0,0.0,10.0,10.0
958,4.199999999999999,27.35,6.511904761904764,60.0,20.0,0.0,20.0,0.0
959,4.359999999999999,25.67,5.887614678899084,60.0,20.0,10.0,0.0,10.0
960,4.58,26.38,5.759825327510916,60.0,20.0,10.0,10.0,0.0
961,4.949999999999999,25.41,5.133333333333334,60.0,20.0,20.0,0.0,0.0
962,3.9200000000000004,28.19,7.191326530612245,60.0,30.0,0.0,0.0,10.0
963,4.14,28.91,6.983091787439614,60.0,30.0,0.0,10.0,0.0
964,4.52,27.93,6.17920353982301,60.0,30.0,10.0,0.0,0.0
965,4.06,30.46,7.502463054187193,60.0,40.0,0.0,0.0,0.0
966,4.14,23.76,5.739130434782609,70.0,0.0,0.0,0.0,30.0
967,4.369999999999999,24.47,5.59954233409611,70.0,0.0,0.0,10.0,20.0
968,4.58,25.18,5.497816593886463,70.0,0.0,0.0,20.0,10.0
969,4.779999999999999,25.89,5.4163179916318,70.0,0.0,0.0,30.0,0.0
970,4.739999999999999,23.5,4.957805907172997,70.0,0.0,10.0,0.0,20.0
971,4.96,24.21,4.881048387096774,70.0,0.0,10.0,10.0,10.0
972,5.159999999999999,24.92,4.829457364341086,70.0,0.0,10.0,20.0,0.0
973,5.33,23.24,4.360225140712945,70.0,0.0,20.0,0.0,10.0
974,5.529999999999999,23.95,4.330922242314648,70.0,0.0,20.0,10.0,0.0
975,5.8999999999999995,22.98,3.8949152542372887,70.0,0.0,30.0,0.0,0.0
976,4.33,26.01,6.006928406466513,70.0,10.0,0.0,0.0,20.0
977,4.55,26.72,5.872527472527472,70.0,10.0,0.0,10.0,10.0
978,4.76,27.44,5.764705882352942,70.0,10.0,0.0,20.0,0.0
979,4.93,25.75,5.223123732251522,70.0,10.0,10.0,0.0,10.0
980,5.14,26.46,5.147859922178989,70.0,10.0,10.0,10.0,0.0
981,5.51,25.49,4.626134301270417,70.0,10.0,20.0,0.0,0.0
982,4.5,28.27,6.282222222222222,70.0,20.0,0.0,0.0,10.0
983,4.71,28.99,6.154989384288747,70.0,20.0,0.0,10.0,0.0
984,5.09,28.01,5.50294695481336,70.0,20.0,10.0,0.0,0.0
985,4.64,30.54,6.581896551724138,70.0,30.0,0.0,0.0,0.0
986,4.89,26.09,5.335378323108385,80.0,0.0,0.0,0.0,20.0
987,5.1,26.8,5.254901960784315,80.0,0.0,0.0,10.0,10.0
988,5.3,27.52,5.192452830188679,80.0,0.0,0.0,20.0,0.0
989,5.4799999999999995,25.83,4.713503649635037,80.0,0.0,10.0,0.0,10.0
990,5.68,26.55,4.674295774647888,80.0,0.0,10.0,10.0,0.0
991,6.05,25.58,4.228099173553719,80.0,0.0,20.0,0.0,0.0
992,5.06,28.35,5.602766798418973,80.0,10.0,0.0,0.0,10.0
993,5.26,29.07,5.52661596958175,80.0,10.0,0.0,10.0,0.0
994,5.64,28.09,4.9804964539007095,80.0,10.0,10.0,0.0,0.0
995,5.199999999999999,30.62,5.88846153846154,80.0,20.0,0.0,0.0,0.0
996,5.6,28.43,5.076785714285714,90.0,0.0,0.0,0.0,10.0
997,5.8,29.15,5.025862068965517,90.0,0.0,0.0,10.0,0.0
998,6.18,28.17,4.558252427184467,90.0,0.0,10.0,0.0,0.0
999,5.739999999999999,30.7,5.34843205574913,90.0,10.0,0.0,0.0,0.0
1000,6.27,30.77,4.907496012759171,100.0,0.0,0.0,0.0,0.0
