date,t,R0=0.5,R0=1,R0=1.1,R0=1.2
2020-02-24,0,663.0,663.0,663.0,663.0
2020-02-25,1,923.4794983339101,923.4794983339101,923.4794983339101,923.4794983339101
2020-02-26,2,1268.1160901845203,1268.1160901845203,1268.1160901845203,1268.1160901845203
2020-02-27,3,1717.673837941901,1717.673837941901,1717.673837941901,1717.673837941901
2020-02-28,4,2296.124702265144,2296.124702265144,2296.124702265144,2296.124702265144
2020-02-29,5,3030.665763725293,3030.665763725293,3030.665763725293,3030.665763725293
2020-03-01,6,3951.618581378857,3951.618581378857,3951.618581378857,3951.618581378857
2020-03-02,7,5092.196893153953,5092.196893153953,5092.196893153953,5092.196893153953
2020-03-03,8,6488.134024997922,6488.134024997922,6488.134024997922,6488.134024997922
2020-03-04,9,8177.1679905007295,8177.1679905007295,8177.1679905007295,8177.1679905007295
2020-03-05,10,10198.388926338901,10198.388926338901,10198.388926338901,10198.388926338901
2020-03-06,11,12591.460964648855,12591.460964648855,12591.460964648855,12591.460964648855
2020-03-07,12,15395.737423199387,15395.737423199387,15395.737423199387,15395.737423199387
2020-03-08,13,18649.29449904382,18649.29449904382,18649.29449904382,18649.29449904382
2020-03-09,14,22387.9136793445,22387.9136793445,22387.9136793445,22387.9136793445
2020-03-10,15,26644.046827261172,26644.046827261172,26644.046827261172,26644.046827261172
2020-03-11,16,31445.799863996293,31445.799863996293,31445.799863996293,31445.799863996293
2020-03-12,17,36815.97119998204,36815.97119998204,36815.97119998204,36815.97119998204
2020-03-13,18,42771.179602567325,42771.179602567325,42771.179602567325,42771.179602567325
2020-03-14,19,49321.112961207335,49321.112961207335,49321.112961207335,49321.112961207335
2020-03-15,20,56467.92486450563,56467.92486450563,56467.92486450563,56467.92486450563
2020-03-16,21,64205.80051722364,64205.80051722364,64205.80051722364,64205.80051722364
2020-03-17,22,72520.70604349322,72520.70604349322,72520.70604349322,72520.70604349322
2020-03-18,23,81390.32949249363,81390.32949249363,81390.32949249363,81390.32949249363
2020-03-19,24,90784.21420301517,90784.21420301517,90784.21420301517,90784.21420301517
2020-03-20,25,100664.07842439035,100664.07842439035,100664.07842439035,100664.07842439035
2020-03-21,26,110984.30927649447,110984.30927649447,110984.30927649447,110984.30927649447
2020-03-22,27,121692.61349167596,121692.61349167596,121692.61349167596,121692.61349167596
2020-03-23,28,132730.8032117983,132730.8032117983,132730.8032117983,132730.8032117983
2020-03-24,29,144035.69185656172,144035.69185656172,144035.69185656172,144035.69185656172
2020-03-25,30,155540.07300358923,155540.07300358923,155540.07300358923,155540.07300358923
2020-03-26,31,167173.75437747964,167173.75437747964,167173.75437747964,167173.75437747964
2020-03-27,32,178864.6190109011,178864.6190109011,178864.6190109011,178864.6190109011
2020-03-28,33,190539.68696707246,190539.68696707246,190539.68696707246,190539.68696707246
2020-03-29,34,202126.1527645146,202126.1527645146,202126.1527645146,202126.1527645146
2020-03-30,35,213552.37631185132,213552.37631185132,213552.37631185132,213552.37631185132
2020-03-31,36,224748.80816781457,224748.80816781457,224748.80816781457,224748.80816781457
2020-04-01,37,235648.83350759983,235648.83350759983,235648.83350759983,235648.83350759983
2020-04-02,38,246189.52187977266,246189.52187977266,246189.52187977266,246189.52187977266
2020-04-03,39,256312.27432723515,256312.27432723515,256312.27432723515,256312.27432723515
2020-04-04,40,265963.363147707,265963.363147707,265963.363147707,265963.363147707
2020-04-05,41,275094.3621548285,275094.3621548285,275094.3621548285,275094.3621548285
2020-04-06,42,283662.46530067077,283662.46530067077,283662.46530067077,283662.46530067077
2020-04-07,43,291630.7003347794,291630.7003347794,291630.7003347794,291630.7003347794
2020-04-08,44,298968.04228400893,298968.04228400893,298968.04228400893,298968.04228400893
2020-04-09,45,305649.43081308104,305649.43081308104,305649.43081308104,305649.43081308104
2020-04-10,46,311655.70295760443,311655.70295760443,311655.70295760443,311655.70295760443
2020-04-11,47,316973.44988786406,316973.44988786406,316973.44988786406,316973.44988786406
2020-04-12,48,321594.8057131388,321594.8057131388,321594.8057131388,321594.8057131388
2020-04-13,49,325517.18050977634,325517.18050977634,325517.18050977634,325517.18050977634
2020-04-14,50,328742.94624686724,328742.94624686724,328742.94624686724,328742.94624686724
2020-04-15,51,331279.08592175966,331279.08592175966,331279.08592175966,331279.08592175966
2020-04-16,52,333136.8164775193,333136.8164775193,333136.8164775193,333136.8164775193
2020-04-17,53,334331.1903589647,334331.1903589647,334331.1903589647,334331.1903589647
2020-04-18,54,334880.6892737348,334880.6892737348,334880.6892737348,334880.6892737348
2020-04-19,55,334806.8109859366,334806.8109859366,334806.8109859366,334806.8109859366
2020-04-20,56,334133.6631349069,334133.6631349069,334133.6631349069,334133.6631349069
2020-04-21,57,332887.5604989091,332887.5604989091,332887.5604989091,332887.5604989091
2020-04-22,58,331096.63985575736,331096.63985575736,331096.63985575736,331096.63985575736
2020-04-23,59,328790.48845617817,328790.48845617817,328790.48845617817,328790.48845617817
2020-04-24,60,325999.79363658803,325999.79363658803,325999.79363658803,325999.79363658803
2020-04-25,61,322756.0157327273,322756.0157327273,322756.0157327273,322756.0157327273
2020-04-26,62,319091.08204906393,319091.08204906393,319091.08204906393,319091.08204906393
2020-04-27,63,315037.11017725244,315037.11017725244,315037.11017725244,315037.11017725244
2020-04-28,64,310626.1520311385,310626.1520311385,310626.1520311385,310626.1520311385
2020-04-29,65,305889.97074450686,305889.97074450686,305889.97074450686,305889.97074450686
2020-04-30,66,300859.8335069749,300859.8335069749,300859.8335069749,300859.8335069749
2020-05-01,67,295566.3355240574,295566.3355240574,295566.3355240574,295566.3355240574
2020-05-02,68,290039.2511275564,290039.2511275564,290039.2511275564,290039.2511275564
2020-05-03,69,284307.39833699627,284307.39833699627,284307.39833699627,284307.39833699627
2020-05-04,70,278398.5351486675,278398.5351486675,278398.5351486675,278398.5351486675
2020-05-05,71,272339.26736627275,272339.26736627275,272339.26736627275,272339.26736627275
2020-05-06,72,266154.98230655986,266154.98230655986,266154.98230655986,266154.98230655986
2020-05-07,73,259869.79533852177,259869.79533852177,259869.79533852177,259869.79533852177
2020-05-08,74,253506.51399302916,253506.51399302916,253506.51399302916,253506.51399302916
2020-05-09,75,247086.6158180372,247086.6158180372,247086.6158180372,247086.6158180372
2020-05-10,76,240630.23935709463,240630.23935709463,240630.23935709463,240630.23935709463
2020-05-11,77,234156.18621854024,234156.18621854024,234156.18621854024,234156.18621854024
2020-05-12,78,227681.934188392,227681.93349184346,227681.93388495315,227681.93451947893
2020-05-13,79,222242.0456776227,227511.6525849349,228580.41491640528,229654.17802599206
2020-05-14,80,216931.68225586924,227339.57542350632,229480.08090901276,231640.6563791655
2020-05-15,81,211747.77996417956,227165.70782305778,230380.90897457112,233641.4194069197
2020-05-16,82,206687.3467888972,226990.05590507056,231282.87614094027,235656.5160460058
2020-05-17,83,201747.4614805801,226812.62584177757,232185.95919995732,237685.99432136814
2020-05-18,84,196925.27161882486,226633.42385563787,233090.13470733902,239729.90131117863
2020-05-19,85,192217.99170871073,226452.45621871683,233995.37898258842,241788.28306968842
2020-05-20,86,187622.90017518436,226269.72925177135,234901.66810952078,243861.1847052272
2020-05-21,87,183137.3389412824,226085.2493244317,235808.97793587067,245948.65034802668
2020-05-22,88,178758.71151855032,225899.0228545226,236717.28407290165,248050.7231087786
2020-05-23,89,174484.48117866265,225711.05630765518,237626.56189554994,250167.44505174903
2020-05-24,90,170312.17277087973,225521.35619715095,238536.78654315902,252298.857159744
2020-05-25,91,166239.37002462675,225329.92908308064,239447.93292131135,254444.99913989025
2020-05-26,92,162263.71308460968,225136.78157193176,240359.97569885498,256605.90956488752
2020-05-27,93,158382.8968257082,224941.92031618304,241272.88930893675,258781.62586158502
2020-05-28,94,154594.66979022138,224745.3520138458,242186.64794927379,260972.18423585323
2020-05-29,95,150896.8331775904,224547.083408013,243101.22558495137,263177.61964218697
2020-05-30,96,147287.24052854022,224347.12128640307,244016.59594643113,265397.96575498953
2020-05-31,97,143763.79607947884,224145.47248088935,244932.73252922168,267633.25501805084
2020-06-01,98,140324.45295930788,223942.14386690184,245849.6085946902,269883.5185506653
2020-06-02,99,136967.21269107968,223737.14236310395,246767.19717159795,272148.78608880175
2020-06-03,100,133690.12390094053,223530.4749309194,247685.4710578005,274429.0859852708
2020-06-04,101,130491.28092917285,223322.14857403387,248604.40281730358,276724.4451811109
2020-06-05,102,127368.82325612051,223112.17033783853,249523.96478186606,279034.88917680545
2020-06-06,103,124320.93430322855,222900.54730900182,250444.12905184817,281360.4419670091
2020-06-07,104,121345.84008354919,222687.28661506684,251364.86749865251,283701.12603097333
2020-06-08,105,118441.80860619622,222472.39542389623,252286.15176389983,286056.9623305753
2020-06-09,106,115607.14897653421,222255.8809424564,253207.95325841758,288427.9702625208
2020-06-10,107,112840.20989630662,222037.75041739896,254130.24316384306,290814.16762881074
2020-06-11,108,110139.37938773017,221818.01113455702,255052.99244150854,293215.5706072077
2020-06-12,109,107503.08364736817,221596.67041819764,255976.17182934968,295632.1936680466
2020-06-13,110,104929.7857525869,221373.7356305434,256899.75183063283,298064.0495503121
2020-06-14,111,102417.98494632858,221149.21417129223,257823.70272229545,300511.1493023829
2020-06-15,112,99966.21588551604,220923.113477135,258747.9945555873,302973.5022121873
2020-06-16,113,97573.04847039853,220695.4410212715,259672.59715673834,305451.1157760268
2020-06-17,114,95237.08634512259,220466.2043129244,260597.48012766257,307943.9956674168
2020-06-18,115,92956.9663544772,220235.41089685142,261522.61284669724,310452.14566262043
2020-06-19,116,90731.35794164416,220003.06835285536,262447.96446937777,312975.5676225847
2020-06-20,117,88558.9617964795,219769.18429529257,263373.50392924814,315514.2614833096
2020-06-21,118,86438.50886306266,219533.76637257915,264299.19993870694,318068.2252348182
2020-06-22,119,84368.76036272022,219296.82226669564,265225.0209898891,320637.4548703831
2020-06-23,120,82348.50675775229,219058.35969268947,266150.93535558303,323221.94435458665
2020-06-24,121,80376.56756677006,218818.38639817567,267076.91112070554,325821.68555992574
2020-06-25,122,78451.79033944526,218576.91016281163,268002.9161792346,328436.66820311494
2020-06-26,123,76573.05003157786,218333.93879608167,268928.9181784584,331066.8799117305
2020-06-27,124,74739.24830883867,218089.4801387029,269854.88455410535,333712.30614485074
2020-06-28,125,72949.31264211662,217843.54206276423,270780.78253201867,336372.9301565372
2020-06-29,126,71202.1961008897,217596.13247030825,271706.57912962517,339048.73296109383
2020-06-30,127,69496.87660868283,217347.2592928151,272632.2411574518,341739.6932980304
2020-07-01,128,67832.35641030368,217096.93049068423,273557.7352206887,344445.7875967287
2020-07-02,129,66207.6614765843,216845.15405271386,274483.0277207995,347166.9899408125
2020-07-03,130,64621.84092778909,216591.93799557872,275408.0848571789,349903.27202170447
2020-07-04,131,63073.966500278744,216337.29036330557,276332.87262885686,352654.6030797409
2020-07-05,132,61563.13197928276,216081.21922674665,277257.35683625,355420.94991751976
2020-07-06,133,60088.452725408046,215823.73268305112,278181.5030829603,358202.27684312785
2020-07-07,134,58649.06516331767,215564.83885513447,279105.27676999354,360998.54563026683
2020-07-08,135,57244.126252389346,215304.54589114588,280028.6430961244,363809.71548019105
2020-07-09,136,55872.812996795146,215042.86196393354,280951.5670781206,366635.74298331817
2020-07-10,137,54534.32201113168,214779.79527050775,281874.0135426514,369476.58208051283
2020-07-11,138,53227.86904337159,214515.35403150233,282795.9471280391,372332.1840240429
2020-07-12,139,51952.68850012675,214249.54649063412,283717.3322862438,375202.49738962797
2020-07-13,140,50708.03302921971,213982.38092257216,284638.1332848916,378087.4682385177
2020-07-14,141,49493.17309274308,213713.86562643095,285558.31420934724,380987.03971874976
2020-07-15,142,48307.39652296697,213444.00891634615,286477.83896482945,383901.1521415984
2020-07-16,143,47150.00809000943,213172.81912787003,287396.67127857154,386829.74297188607
2020-07-17,144,46020.329166814496,212900.30461745302,288314.77470202424,389772.74679158133
2020-07-18,145,44917.69732038389,212626.47376192408,289232.11261310364,392730.0952632866
2020-07-19,146,43841.46593807887,212351.33495796987,290148.64821848215,395701.7170936146
2020-07-20,147,42791.00379264855,212074.89662161257,291064.34454728226,398687.53799645434
2020-07-21,148,41765.69461745726,211797.16718768704,291979.16444833693,401687.4806816415
2020-07-22,149,40764.93691593872,211518.15510931614,292893.07061866915,404701.4649942823
2020-07-23,150,39788.143554325725,211237.86885738553,293806.0255926583,407729.4076116261
2020-07-24,151,38834.74142861792,210956.31692001686,294717.99174395844,410771.2220674142
2020-07-25,152,37904.17107973814,210673.50780204005,295628.93128792703,413826.8187498414
2020-07-26,153,36995.88632411519,210389.4500244642,296538.80628409376,416896.1048677218
2020-07-27,154,36109.35407389485,210104.15212394754,297447.5786386685,419978.984416712
2020-07-28,155,35244.053979312834,209817.62265226615,298355.21010708896,423075.35814559227
2020-07-29,156,34399.47813380761,209529.87017578137,299261.6622966078,426185.1235226051
2020-07-30,157,33575.13072673846,209240.90328296108,300166.89666891936,429308.17471442797
2020-07-31,158,32770.52771639631,208950.73058327255,301070.87454282603,432444.4027126929
2020-08-01,159,31985.196676465548,208659.36068929525,301973.55709694396,435593.69509382296
2020-08-02,160,31218.676475207973,208366.80222656898,302874.90537364077,438755.93600533693
2020-08-03,161,30470.517013835506,208073.06383323058,303774.8802830843,441931.0061747951
2020-08-04,162,29740.278916283216,207778.15415951674,304673.44260161335,445118.7828795761
2020-08-05,163,29027.533242676327,207482.08186726668,305570.55297671125,448319.13991685834
2020-08-06,164,28331.861350873394,207184.8556294249,306466.1719300512,451531.9475738059
2020-08-07,165,27652.8546119129,206886.48412954385,307360.25986045913,454757.0725979587
2020-08-08,166,26990.114177986088,206586.9760612864,308252.77704691736,457994.3781745676
2020-08-09,167,26343.25070601148,206286.34012792865,309143.68365160725,461243.7240813066
2020-08-10,168,25711.884107202182,205984.5850418622,310032.93972299364,464504.96646168776
2020-08-11,169,25095.64342106579,205681.71952409693,310920.50519894826,467777.957770325
2020-08-12,170,24494.166563780207,205377.75230376318,311806.33990991383,471062.54680979147
2020-08-13,171,23907.100122588177,205072.69211761435,312690.40358210856,474358.57870585466
2020-08-14,172,23334.09910804356,204766.54770952914,313572.65584077063,477665.8948830885
2020-08-15,173,22774.826734503906,204459.327830014,314453.05621262855,480984.3330408624
2020-08-16,174,22228.954308170367,204151.04123983192,315331.5641279033,484313.72712970804
2020-08-17,175,21696.161003386096,203841.69671301477,316208.13892740395,487653.9073100779
2020-08-18,176,21176.13368035784,203531.30302122014,317082.7398642974,491004.70021142485
2020-08-19,177,20668.56666402199,203219.86894079595,317955.32610739407,494365.9285941213
2020-08-20,178,20173.161552307884,202907.40325271344,318825.85674461763,497737.4113616621
2020-08-21,179,19689.62711482936,202593.914742099,319694.2907865148,501118.96359130583
2020-08-22,180,19217.67909489223,202279.41219776674,320560.58716980455,504510.39651722554
2020-08-23,181,18757.04004794612,201963.9044117517,321424.7047609669,507911.5175141026
2020-08-24,182,18307.439143956915,201647.40017884396,322286.6023598718,511322.13008118677
2020-08-25,183,17868.611999989454,201329.90829612353,323146.23870344716,514742.0338268423
2020-08-26,184,17440.300588930662,201011.43756249576,324003.57246938726,518171.02445363556
2020-08-27,185,17022.253064125744,200691.99677822777,324858.5622798998,521608.89392641303
2020-08-28,186,16614.223616204843,200371.5947444854,325711.1667026091,525055.4303720925
2020-08-29,187,16215.972296499529,200050.2402628711,326561.3442476906,528510.4178762446
2020-08-30,188,15827.264871027573,199727.9421349625,327409.0533878727,531973.6366047299
2020-08-31,189,15447.872738103704,199404.70916185164,328254.2525558427,535444.8627969583
2020-09-01,190,15077.572773119651,199080.55014368513,329096.9001472874,538923.868760191
2020-09-02,191,14716.147201656388,198755.47388164114,329936.9545248117,542410.4228649205
2020-09-03,192,14363.38344177876,198429.48918302046,330774.3740218952,545904.2895413622
2020-09-04,193,14019.07397684028,198102.60484644343,331609.1169468852,549405.2292770953
2020-09-05,194,13683.01628094344,197774.82966735275,332441.14158702845,552912.9986158861
2020-09-06,195,13355.012681670476,197446.17243837164,333270.40621253906,556427.3501785203
2020-09-07,196,13034.870247635596,197116.64194887405,334096.86908070446,559948.0328459061
2020-09-08,197,12722.400647598432,196786.24698455632,334920.48844002857,563474.7914991741
2020-09-09,198,12417.420039777773,196454.99632700987,335741.22253441234,567007.3670740179
2020-09-10,199,12119.749004416004,196122.89875329589,336559.02960109006,570545.4966080952
2020-09-11,200,11829.212422413248,195789.96303552098,337373.8678559233,574088.9132519243
2020-09-12,201,11545.639375672421,195456.19794041454,338185.6955413125,577637.3462815252
2020-09-13,202,11268.863021280962,195121.61222890735,338994.4709138716,581190.5211128521
2020-09-14,203,10998.720495280593,194786.21465571193,339800.15224573633,584748.1593180647
2020-09-15,204,10735.05285158885,194450.0139689038,340602.69782888406,588309.9786436802
2020-09-16,205,10477.704954755663,194113.0189095048,341402.0659794883,591875.6930306568
2020-09-17,206,10226.525391641222,193775.2382110674,342198.21504230844,595445.0125400057
2020-09-18,207,9981.366359088423,193436.68059926043,342991.1033951146,599017.6432980042
2020-09-19,208,9742.083580288716,193097.35479042356,343780.6894531472,602593.2878093263
2020-09-20,209,9508.536249489272,192757.26950722552,344566.93167361175,606171.6448444558
2020-09-21,210,9280.586937239656,192416.43344968103,345349.7885602091,609752.4094602409
2020-09-22,211,9058.101512112858,192074.85531088588,346129.2186676996,613335.2730275535
2020-09-23,212,8840.949040455165,191732.54377432758,346905.1806065036,616919.923260831
2020-09-24,213,8629.001713720023,191389.50751350442,347677.63304733613,620506.0442495368
2020-09-25,214,8422.134798435993,191045.75519154588,348446.53472587676,624093.3164915715
2020-09-26,215,8220.226552498078,190701.2954608348,349211.8444473884,627681.4169286704
2020-09-27,216,8023.158155788405,190356.1369626309,349973.52102880116,631270.0189793868
2020-09-28,217,7830.813620737688,190010.2883266963,350731.52335476666,634858.7924044474
2020-09-29,218,7643.079729204522,189663.75817092232,351485.8104356931,638447.403524229
2020-09-30,219,7459.845987221472,189316.55510095845,352236.34136690944,642035.5153052313
2020-10-01,220,7281.0045510530335,188968.68770984266,352983.07533329126,645622.7873343755
2020-10-02,221,7106.450165702539,188620.16457763375,353725.97161391424,649208.8758629112
2020-10-03,222,6936.080085143517,188270.99427104538,354464.9895867356,652793.4338522349
2020-10-04,223,6769.7940175033245,187921.185343082,355200.0887333035,656376.1110216432
2020-10-05,224,6607.494084151962,187570.74633267667,355931.2286434941,659956.5538980436
2020-10-06,225,6449.084754392158,187219.68576496816,356658.3690202768,663534.4058676463
2020-10-07,226,6294.472790954128,186868.0121569868,357381.46968450735,667109.3072296614
2020-10-08,227,6143.56717887428,186515.73400705642,358100.4905797484,670680.8952236578
2020-10-09,228,5996.27907790027,186162.85979657713,358815.39177711867,674248.8039897094
2020-10-10,229,5852.521785522982,185809.3979913533,359526.1334801692,677812.6648123292
2020-10-11,230,5712.2106792957875,185455.3570412606,360232.6760297884,681372.1061177471
2020-10-12,231,5575.263168521023,185100.74537991596,360934.979909134,684926.7535230189
2020-10-13,232,5441.598630857946,184745.5714243503,361633.0057298217,688476.2298994726
2020-10-14,233,5311.138371005397,184389.84357468406,362326.71414637583,692020.1554381165
2020-10-15,234,5183.8055873131525,184033.570213806,363016.0660396972,695558.1477170264
2020-10-16,235,5059.525320842482,183676.75970705456,363701.0224653615,699089.8217707261
2020-10-17,236,4938.22441253891,183319.42040190243,364381.5446408187,702614.7901615811
2020-10-18,237,4819.831446746074,182961.5606276442,365057.5939501431,706132.6630532193
2020-10-19,238,4704.276715343792,182603.18869508707,365729.1319488014,709643.0481915285
2020-10-20,239,4591.4921876069775,182244.31289624466,366396.12036843924,713145.5510106917
2020-10-21,240,4481.411465222047,181884.94150403424,367058.5211216854,716639.7748364168
2020-10-22,241,4373.969744320914,181525.08277197686,367716.29630697495,720125.3208874945
2020-10-23,242,4269.103765163064,181164.74493390103,368369.40821338986,723601.788356578
2020-10-24,243,4166.751781013038,180803.93620364965,369017.8193255182,727068.7744929057
2020-10-25,244,4066.853530944164,180442.66477479026,369661.4923283316,730525.8746869332
2020-10-26,245,3969.3502001163242,180080.93882032894,370300.39011208044,733972.6825568818
2020-10-27,246,3874.184386117412,179718.76649242724,370934.475777208,737408.7900372127
2020-10-28,247,3781.3000541526662,179356.15592512852,371563.7126392819,740833.7874690366
2020-10-29,248,3690.642510038491,178993.11523197388,372188.06423394446,744247.263676108
2020-10-30,249,3602.158375675117,178629.65250235205,372807.49423098296,747648.8058828663
2020-10-31,250,3515.7955539716722,178265.77580387078,373421.9664809624,751038.000052208
2020-11-01,251,3431.503199004495,177901.49318210277,374031.4451541355,754414.4309485186
2020-11-02,252,3349.231676121993,177536.81266033585,374635.8946542951,757777.682193057
2020-11-03,253,3268.9325385127117,177171.74223932746,375235.27962320193,761127.3363621138
2020-11-04,254,3190.5585050955337,176806.28989706328,375829.56494519574,764462.9750868607
2020-11-05,255,3114.063429549278,176440.46358852024,376418.7157518119,767784.1791548936
2020-11-06,256,3039.4022738532717,176074.27124543404,377002.69742640475,771090.5286134654
2020-11-07,257,2966.531072778128,175707.72077607067,377581.4756087757,774381.6028744077
2020-11-08,258,2895.406913556668,175340.820065003,378155.0161998085,777656.9808207407
2020-11-09,259,2825.9879159627176,174973.5769728915,378723.28536610963,780916.2408271922
2020-11-10,260,2758.233204965583,174605.99933626954,379286.2495446546,784158.9607703561
2020-11-11,261,2692.102887267858,174238.09496733357,379843.87544744107,787384.7184414007
2020-11-12,262,2627.5580197083586,173869.87165373788,380396.1300661464,790593.0915188974
2020-11-13,263,2564.5605916261006,173501.33715839396,380942.98067679256,793783.6576718503
2020-11-14,264,2503.0735069193456,173132.49921927482,381484.39484441635,796955.9946714295
2020-11-15,265,2443.0605599011105,172763.3655492242,382020.3404092606,800109.6805040188
2020-11-16,266,2384.486414493163,172393.9438357705,382550.7853496775,803244.2934855596
2020-11-17,267,2327.316576117445,172024.24174094584,383075.6980329236,806359.4123771805
2020-11-18,268,2271.517376396995,171654.26689723163,383595.0471607425,809454.6165020976
2020-11-19,269,2217.055957005725,171284.02689847347,384108.80173951364,812529.4858601736
2020-11-20,270,2163.900248350524,170913.529323183,384616.93108445726,815583.6010355593
2020-11-21,271,2112.0189511193125,170542.78172451045,385119.40482383134,818616.5435127406
2020-11-22,272,2061.3815112822545,170171.79162871535,385616.1929031203,821627.8958763294
2020-11-23,273,2011.9581068202478,169800.56653497842,386107.26558921597,824617.2418370084
2020-11-24,274,1963.7196331931568,169429.11391521746,386592.5934745901,827584.1663506407
2020-11-25,275,1916.6376845177645,169057.44121390703,387072.1474814596,830528.2557381685
2020-11-26,276,1870.6845372022226,168685.55584790197,387545.89886594337,833449.0978062738
2020-11-27,277,1825.833127718673,168313.46520626493,388013.8192222108,836346.2819687761
2020-11-28,278,1782.0570410906055,167941.17665009786,388475.8804866231,839219.3993687388
2020-11-29,279,1739.3304978230628,167568.69751237743,388932.054941866,842068.0430012584
2020-11-30,280,1697.6283372842886,167196.03509779455,389382.3152210745,844891.8077904942
2020-12-01,281,1656.926003189476,166823.19668259777,389826.6343119502,847690.2905197183
2020-12-02,282,1617.1995238425336,166450.18951444092,390264.9854715791,850463.0902998062
2020-12-03,283,1578.425502149007,166077.02081223478,390697.34223039536,853209.8085831454
2020-12-04,284,1540.5811038661975,165703.69776600276,391123.67859750945,855930.0492572174
2020-12-05,285,1503.6440429304917,165330.22753674086,391543.968946842,858623.4187657549
2020-12-06,286,1467.592568580356,164956.61725628178,391958.18801891,861289.5262300115
2020-12-07,287,1432.4054477973452,164582.8740271632,392366.31092436356,863927.9835701054
2020-12-08,288,1398.0619566420696,164209.00492250023,392768.31314750086,866538.4056263964
2020-12-09,289,1364.541869695346,163835.01698539147,393164.1705497598,869120.4102808582
2020-12-10,290,1331.8254471033595,163460.91721816105,393553.8593731876,871673.6185784049
2020-12-11,291,1299.8934231538074,163086.71259722952,393937.3562438874,874197.654722265
2020-12-12,292,1268.7269906752313,162712.4100728511,394314.63817544247,876692.1462179204
2020-12-13,293,1238.3077935202625,162338.01656484383,394685.68257231824,879156.7241766662
2020-12-14,294,1208.6179170809642,161963.53896245797,395050.4672332408,881591.0233293722
2020-12-15,295,1179.639876850626,161588.98412424803,395408.97035455366,883994.6821381231
2020-12-16,296,1151.3566082881803,161214.35887794787,395761.17053355183,886367.3429119557
2020-12-17,297,1123.7514529608673,160839.67002034895,396107.0467717927,888708.6519219176
2020-12-18,298,1096.8081520222547,160464.92431718204,396446.5784666089,891018.2595154066
2020-12-19,299,1070.510837695904,160090.12850300208,396779.74526535,893295.8202297422
2020-12-20,300,1044.8440231761435,159715.28928107643,397106.52729845955,895540.9929049269
2020-12-21,301,1019.792593634674,159340.41332327615,397426.905150983,897753.4407856317
2020-12-22,302,995.341793914774,158965.50726997096,397740.85982058774,899932.8314994609
2020-12-23,303,971.4772228717993,158590.57772992706,398048.3727202336,902078.8373407474
2020-12-24,304,948.1848257293088,158215.63128020862,398349.42568080703,904191.1353624628
2020-12-25,305,925.4508851619643,157840.67446608227,398644.00095371896,906269.407446449
2020-12-26,306,903.2620133148794,157465.71380092518,398932.0812134652,908313.3404068536
2020-12-27,307,881.6051408783289,157090.75576613628,399213.6495601509,910322.6260920819
2020-12-28,308,860.4675121759714,156715.80681105074,399488.6895219781,912296.9614851904
2020-12-29,309,839.8366783066973,156340.8733528581,399757.1850576966,914236.0488026504
2020-12-30,310,819.7004892711622,155965.96177652327,400019.1205590183,916139.5955914044
2020-12-31,311,800.0470868891822,155591.07843164413,400274.48085299484,918007.314824139
2021-01-01,312,780.8648951024495,155216.2296325088,400523.25120435865,919838.9249926981
2021-01-02,313,762.1426157109688,154841.42166500358,400765.41731782723,921634.1502026712
2021-01-03,314,743.8692222221794,154466.66078235945,401000.9653403708,923392.7202714861
2021-01-04,315,726.0339528988542,154091.953205011,401229.8818024068,925114.370798071
2021-01-05,316,708.6263044728984,153717.30512052274,401452.15358403756,926798.843254787
2021-01-06,317,691.6360235401481,153342.7226835181,401667.7681137774,928445.8850715733
2021-01-07,318,675.0531028587415,152968.2120156112,401876.713268533,930055.2497167647
2021-01-08,319,658.867775834607,152593.77920534142,402078.9773711781,931626.6967754861
2021-01-09,320,643.070510382789,152219.43030811072,402274.54919215397,933159.9920255345
2021-01-10,321,627.6520033475688,151845.17134612394,402463.41795102094,934654.9075106585
2021-01-11,322,612.6031728682285,151471.00830833148,402645.5733179609,936111.2216111441
2021-01-12,323,597.9151551645584,151096.94715037514,402821.0054152311,937528.7191116136
2021-01-13,324,583.5792995946622,150722.99379453648,402989.7048185687,938907.1912659417
2021-01-14,325,569.5871632344147,150349.15412968802,403151.6625585465,940246.4360242622
2021-01-15,326,555.9305059240666,149975.4340112472,403306.87012188,941546.2580954353
2021-01-16,327,542.6012834970829,149601.83926113314,403455.3194526849,942806.4687024043
2021-01-17,328,529.5916449879454,149228.37566772595,403597.0029536862,944026.8858106971
2021-01-18,329,516.8939282044504,148855.04898582908,403731.9134873784,945207.3341854748
2021-01-19,330,504.50065494117393,148481.8649366341,403860.04437713604,946347.6454444614
2021-01-20,331,492.40452658179703,148108.82920768857,403981.38940393244,947447.6581079679
2021-01-21,332,480.5984180949238,147735.9474523514,404095.9427078124,948507.217645942
2021-01-22,333,469.07537560798704,147363.22528728063,404203.69892436516,949526.1765219723
2021-01-23,334,457.8286124418606,146990.66829744223,404304.65318672534,950504.3942341794
2021-01-24,335,446.85150488406606,146618.28203445,404398.80108849757,951441.7373529224
2021-01-25,336,436.13758828409175,146246.07201603355,404486.13868423656,952338.0795630635
2021-01-26,337,425.6805517306331,145874.04372601426,404566.66248986893,953193.3019676722
2021-01-27,338,415.47423594290336,145502.20261428377,404640.36948305665,954007.2928300699
2021-01-28,339,405.5126297205018,145130.55409678456,404707.25710350217,954779.9475434474
2021-01-29,340,395.7898662108039,144759.10355549323,404767.32325319515,955511.1687612318
2021-01-30,341,386.30021944166623,144387.85633840592,404820.56629660085,956200.8664214037
2021-01-31,342,377.03809960392994,144016.81775952622,404866.98506079015,956848.9577678037
2021-02-01,343,367.9980512179381,143645.99309885528,404906.5788355113,957455.3673683935
2021-02-02,344,359.1747499562434,143275.38760238444,404939.34737320314,958020.0271304363
2021-02-03,345,350.56299934730566,142905.00648209002,404965.29088895017,958542.8763125609
2021-02-04,346,342.1577276962845,142534.85491593054,404984.41006037913,959023.8615336752
2021-02-05,347,333.95398390502993,142164.93804784623,404996.7060274972,959462.9367786944
2021-02-06,348,325.94693587724294,141795.26098776073,405002.180370265,959860.0634385077
2021-02-07,349,318.1318676758064,141425.82881158526,405000.8350780657,960215.210513934
2021-02-08,350,310.5041766117007,141056.64656122492,404992.6726481493,960528.3542744225
2021-02-09,351,303.0593705091729,140687.7192445873,404977.69603950565,960799.4783471574
2021-02-10,352,295.79306400291375,140319.0518355934,404955.9086685894,961028.5737456678
2021-02-11,353,288.7009771501837,139950.64927417008,404927.31440860353,961215.638861579
2021-02-12,354,281.7789328883528,139582.51646435188,404891.91758871806,961360.6794534967
2021-02-13,355,275.02285446393284,139214.6582764104,404849.7229932255,961463.708633025
2021-02-14,356,268.4287630033651,138847.07954770935,404800.73586063203,961524.7468479191
2021-02-15,357,261.9927742337463,138479.78508162886,404744.9618826846,961543.8218623757
2021-02-16,358,255.71109727447555,138112.7796475838,404682.407203334,961520.968734464
2021-02-17,359,249.5800323640278,137746.06798104427,404613.0784176342,961456.2297907036
2021-02-18,360,243.59596858928765,137379.65478355798,404536.98257057724,961349.6546419418
2021-02-19,361,237.75538172758516,137013.54472277468,404454.1271558647,961201.3001928937
2021-02-20,362,232.05483134327255,136647.7424324722,404364.52011461474,961011.2304693767
2021-02-21,363,226.49095973511655,136282.25251258485,404268.16983400495,960779.5166492492
2021-02-22,364,221.06048990443665,135917.07952923328,404165.08514557814,960506.2370281698
